{
  "pages/brand": "---\nbrand:\n    products:\n        limit: {{theme_settings.brandpage_products_per_page}}\n---\n{{inject \"brandProductsPerPage\" theme_settings.brandpage_products_per_page}}\n{{#partial \"head\"}}\n    {{#if pagination.brand.previous}}\n        <link rel=\"prev\" href=\"{{pagination.brand.previous}}\">\n    {{/if}}\n    {{#if pagination.brand.next}}\n        <link rel=\"next\" href=\"{{pagination.brand.next}}\">\n    {{/if}}\n{{/partial}}\n\n{{#partial \"page\"}}\n<div class=\"container\">\n    {{> components/common/breadcrumbs breadcrumbs=breadcrumbs}}\n    {{#if brand.image}}\n        <div class=\"brand-image-container\">\n            <img class=\"lazyload\" data-sizes=\"auto\" src=\"{{cdn 'img/loading.svg'}}\" data-src=\"{{getImage brand.image 'thumb_size'}}\">\n        </div>\n    {{/if}}\n    <h1 class=\"page-heading\">{{brand.name}}</h1>\n    {{{region name=\"brand_below_header\"}}}\n</div>\n<div class=\"grid-bg\">\n    <div class=\"container\">\n        <div class=\"page\">\n            <aside class=\"page-sidebar\" id=\"faceted-search-container\">\n                {{> components/brand/sidebar}}\n            </aside>\n        \n            <main class=\"page-content\" id=\"product-listing-container\">\n                {{#if brand.products}}\n                    {{> components/brand/product-listing}}\n                {{else}}\n                    <p>{{lang 'brands.no_products'}}</p>\n                {{/if}}\n                {{{region name=\"brand_below_content\"}}}\n            </main>\n        </div>\n    </div>\n</div>\n{{/partial}}\n{{> layout/base}}\n",
  "components/common/breadcrumbs": "<ul class=\"breadcrumbs\" itemscope itemtype=\"http://schema.org/BreadcrumbList\">\n    {{#unless theme_settings.hide_breadcrumbs }}\n        {{#each breadcrumbs}}\n            <li class=\"breadcrumb {{#if @last}}is-active{{/if}}\" itemprop=\"itemListElement\" itemscope itemtype=\"http://schema.org/ListItem\">\n                {{#or @last (if url \"==\" null)}}\n                    <meta itemprop=\"item\" content=\"{{url}}\">\n                    <span class=\"breadcrumb-label\" itemprop=\"name\">{{name}}</span>\n                {{else}}\n                    <a href=\"{{url}}\" class=\"breadcrumb-label\" itemprop=\"item\"><span itemprop=\"name\">{{name}}</span></a>\n                {{/or}}\n                <meta itemprop=\"position\" content=\"{{add @index 1}}\" />\n            </li>\n        {{/each}}\n    {{/unless}}\n</ul>\n",
  "components/brand/sidebar": "<nav>\n    {{#if brand.faceted_search_enabled}}\n        {{> components/faceted-search/index brand}}\n    {{else}}\n        {{#if shop_by_brand}}\n        <div class=\"sidebarBlock\">\n            <h5 class=\"sidebarBlock-heading\">{{lang 'brand.label'}}</h5>\n            <ul class=\"navList\">\n                {{#each shop_by_brand}}\n                    <li class=\"navList-item\">\n                        <a class=\"navList-action\" href=\"{{url}}\">{{name}}</a>\n                    </li>\n                {{/each}}\n                <li class=\"navList-item\">\n                    <a class=\"navList-action\" href=\"{{urls.brands}}\">{{lang 'common.view_all'}}</a>\n                </li>\n            </ul>\n        </div>\n        {{/if}}\n    {{/if}}\n</nav>\n",
  "components/brand/product-listing": "{{> components/products/filter sort=pagination.brand.sort}}\n\n<form action=\"{{urls.compare}}\" method='POST' {{#if settings.data_tag_enabled}} data-list-name=\"Brand: {{brand.name}}\" {{/if}} data-product-compare>\n    {{#if theme_settings.product_list_display_mode '===' 'grid'}}\n        {{> components/products/grid products=brand.products show_compare=brand.show_compare theme_settings=theme_settings event=\"list\"}}\n    {{else}}\n        {{> components/products/list products=brand.products show_compare=brand.show_compare theme_settings=theme_settings event=\"list\"}}\n    {{/if}}\n</form>\n\n{{> components/common/paginator pagination.brand}}\n",
  "layout/base": "<!DOCTYPE html>\n<html class=\"no-js\" lang=\"{{ locale_name }}\">\n    <head>\n        <title>{{ head.title }}</title>\n        {{{ resourceHints }}}\n        {{{ head.meta_tags }}}\n        {{{ head.config }}}\n        {{#block \"head\"}} {{/block}}\n\n        <link href=\"{{ head.favicon }}\" rel=\"shortcut icon\">\n        <meta name=\"viewport\" content=\"width=device-width, initial-scale=1, maximum-scale=1\">\n\n        <script>\n            {{!-- Change document class from no-js to js so we can detect this in css --}}\n            document.documentElement.className = document.documentElement.className.replace('no-js', 'js');\n        </script>\n        {{!-- Load Lazysizes script ASAP so images will appear --}}\n        <script>\n            {{!-- Only load visible elements until the onload event fires, after which preload nearby elements. --}}\n            window.lazySizesConfig = window.lazySizesConfig || {};\n            window.lazySizesConfig.loadMode = 1;\n        </script>\n        <script async src=\"{{cdn 'assets/dist/theme-bundle.head_async.js'}}\"></script>\n\n        {{ getFontsCollection }}\n        {{{stylesheet '/assets/css/theme.css'}}}\n\n        {{{head.scripts}}}\n\n        {{~inject 'themeSettings' theme_settings}}\n        {{~inject 'genericError' (lang 'common.generic_error')}}\n        {{~inject 'maintenanceMode' settings.maintenance}}\n        {{~inject 'urls' urls}}\n        {{~inject 'secureBaseUrl' settings.secure_base_url}}\n        {{~inject 'cartId' cart_id}}\n        {{~inject 'template' template}}\n        \n        {{#if page_type '===' 'product'}}\n            {{> components/common/facebook-like}}\n        {{else if page_type '===' 'blog' }}\n            {{> components/common/facebook-like}}\n        {{else if page_type '===' 'blog_post' }}\n            {{> components/common/facebook-like}}\n        {{/if}}\n\n        <script>\n            var theme_settings = {\n                show_fast_cart: {{theme_settings.show_fast_cart}},\n                linksPerCol: {{theme_settings.nav-links-per-col}},\n            };\n        </script>\n    </head>\n    <body>\n        <svg data-src=\"{{cdn 'img/icon-sprite.svg'}}\" class=\"icons-svg-sprite\"></svg>\n\n        {{> components/common/header }}\n        {{> components/common/body }}\n        {{> components/common/footer }}\n\n        <script>window.__webpack_public_path__ = \"{{cdn 'assets/dist/'}}\";</script>\n        <script src=\"{{cdn 'assets/dist/theme-bundle.main.js'}}\"></script>\n        <script>\n            {{!-- Exported in app.js --}}\n            window.stencilBootstrap(\"{{page_type}}\", {{jsContext}}).load();\n        </script>\n\n        {{{footer.scripts}}}\n    </body>\n</html>\n",
  "components/faceted-search/index": "<div id=\"facetedSearch\" class=\"facetedSearch sidebarBlock\">\n    {{> components/faceted-search/selected-facets this.selected}}\n\n    <a href=\"#facetedSearch-navList\" role=\"button\" class=\"facetedSearch-toggle toggleLink button\" data-collapsible>\n        <span class=\"facetedSearch-toggle-indicator\">\n            <span class=\"toggleLink-text toggleLink-text--on\">\n                {{lang 'search.faceted.hide-filters'}}\n\n                <i class=\"icon\" aria-hidden=\"true\">\n                    <svg><use xlink:href=\"#icon-chevron-down\"/></svg>\n                </i>\n            </span>\n\n            <span class=\"toggleLink-text toggleLink-text--off\">\n                {{lang 'search.faceted.show-filters'}}\n\n                <i class=\"icon\" aria-hidden=\"true\">\n                    <svg><use xlink:href=\"#icon-chevron-down\"/></svg>\n                </i>\n            </span>\n        </span>\n    </a>\n\n    {{#any facets visible=true}}\n        <div\n            id=\"facetedSearch-navList\"\n            class=\"facetedSearch-navList blocker-container\">\n            <div class=\"accordion accordion--navList\">\n                {{#each facets}}\n                    {{#if visible}}\n                        {{{dynamicComponent 'components/faceted-search/facets'}}}\n                    {{/if}}\n                {{/each}}\n            </div>\n\n            <div class=\"blocker\" style=\"display: none;\"></div>\n        </div>\n    {{/any}}\n</div>\n",
  "components/products/filter": "<form class=\"actionBar sort-products\" method=\"get\" data-sort-by>\n    {{> components/category/sort-box sort=sort}}\n</form>\n",
  "components/products/grid": "<ul class=\"productGrid\">\n    {{#each products}}\n    <li class=\"product\">\n            {{>components/products/card settings=../settings show_compare=../show_compare show_rating=../settings.show_product_rating theme_settings=../theme_settings customer=../customer event=../event position=(add @index 1)}}\n    </li>\n    {{/each}}\n</ul>\n",
  "components/common/paginator": "<div class=\"pagination\">\n    <ul class=\"pagination-list\">\n        {{#if previous}}\n            <li class=\"pagination-item pagination-item--previous\">\n                <a class=\"pagination-link\" href=\"{{previous}}\" {{#unless reload}}data-faceted-search-facet{{/unless}}>\n                    <i class=\"icon\" aria-hidden=\"true\">\n                        <svg>\n                            <use xmlns:xlink=\"http://www.w3.org/1999/xlink\" xlink:href=\"#icon-chevron-left\"></use>\n                        </svg>\n                    </i>\n                    {{lang 'common.previous'}}\n                </a>\n            </li>\n        {{/if}}\n        {{#each links}}\n            {{#if this.number '==' ../current}}\n                <li class=\"pagination-item pagination-item--current\">\n                    <a class=\"pagination-link\" href=\"{{this.url}}\" {{#unless reload}}data-faceted-search-facet{{/unless}}>{{this.number}}</a>\n                </li>\n            {{else}}\n                <li class=\"pagination-item\">\n                    <a class=\"pagination-link\" href=\"{{this.url}}\" {{#unless reload}}data-faceted-search-facet{{/unless}}>{{this.number}}</a>\n                </li>\n            {{/if}}\n        {{/each}}\n\n        {{#if next}}\n            <li class=\"pagination-item pagination-item--next\">\n                <a class=\"pagination-link\" href=\"{{next}}\" {{#unless reload}}data-faceted-search-facet{{/unless}}>\n                    {{lang 'common.next'}}\n                    <i class=\"icon\" aria-hidden=\"true\">\n                        <svg>\n                            <use xmlns:xlink=\"http://www.w3.org/1999/xlink\" xlink:href=\"#icon-chevron-right\"></use>\n                        </svg>\n                    </i>\n                </a>\n            </li>\n        {{/if}}\n    </ul>\n</div>\n",
  "components/products/list": "<ul class=\"productList\">\n    {{#each products}}\n    <li class=\"product\">\n\t\t{{>components/products/list-item show_compare=../show_compare show_rating=../settings.show_product_rating theme_settings=../theme_settings customer=../customer event=../event settings=../settings position=(add @index 1)}}\n    </li>\n    {{/each}}\n</ul>\n",
  "components/common/facebook-like": "<!-- partial pulled in to the base layout -->\n{{#any settings.add_this.buttons service='facebook_like'}}\n  <div id=\"fb-root\"></div>\n  <script>(function(d, s, id) {\n    var js, fjs = d.getElementsByTagName(s)[0];\n    if (d.getElementById(id)) return;\n    js = d.createElement(s); js.id = id;\n    js.src = \"//connect.facebook.net/en_US/sdk.js#xfbml=1&version=v2.5\";\n    fjs.parentNode.insertBefore(js, fjs);\n  }(document, 'script', 'facebook-jssdk'));</script>\n{{/any}}\n",
  "components/common/header": "<header class=\"header\" role=\"banner\">\n    <div class=\"headerBanner\">\n        <div class=\"container\">\n            <span>Free Shipping on Orders Over $100!*</span>\n        </div>\n    </div>\n    \n    <a href=\"#\" class=\"mobileMenu-toggle\" data-mobile-menu-toggle=\"menu\">\n        <span class=\"mobileMenu-toggleIcon\"></span>\n    </a>\n\n    <div class=\"header-logo--wrap\">\n        <div class=\"header-logo {{#if theme_settings.logo_size '===' 'original'}}logo-full-size{{/if}}\">\n            \n            <div class=\"logo-and-toggle\">\n                <div class=\"desktopMenu-toggle\">\n                    <a href=\"javascript:void(0);\" class=\"mobileMenu-toggle\">\n                        <span class=\"mobileMenu-toggleIcon\"></span>\n                    </a>\n                </div>\n                \n                {{#if page_type '===' 'default'}}\n                    <h1 class=\"logo-wrap\">{{> components/common/store-logo}}</h1>\n                {{else}}\n                    <div class=\"logo-wrap\">{{> components/common/store-logo}}</div>\n                {{/if}}\n            </div>\n            \n            <div class=\"quickSearchWrap\" id=\"quickSearch\" aria-hidden=\"true\" tabindex=\"-1\" data-prevent-quick-search-close>\n                {{> components/common/quick-search}}\n            </div>\n            <div class=\"navUser-wrap\">\n                {{> components/common/navigation}}\n            </div>\n        </div>\n    </div>\n    <div class=\"navPages-container\" id=\"menu\" data-menu>\n        {{> components/common/navigation-menu}}\n    </div>\n</header>\n{{#unless page_type '===' 'default'}}\n{{#if banners.top}}\n<div class=\"banners\" data-banner-location=\"top\">\n    {{#each (limit banners.top_metadata 1)}}\n    <div class=\"banner\" data-event-type=\"promotion\" data-entity-id=\"{{this.id}}\" data-name=\"{{this.banner-name}}\" data-position=\"{{this.location}}\" data-banner-id=\"{{this.banner-name}}\">\n        <div data-event-type=\"promotion-click\">\n            {{{this.content}}}\n        </div>\n    </div>\n    {{/each}}\n</div>\n{{/if}}\n\n{{/unless}}\n\n{{{region name=\"header_bottom\"}}}\n\n",
  "components/common/body": "<div class=\"body {{#if template_file '===' 'pages/home'}}home{{/if}}\" data-currency-code=\"{{currency_selector.active_currency_code}}\">\n    {{#block \"hero\"}} {{/block}}\n    {{#block \"page\"}} {{/block}}\n    {{#block \"hero-bottom\"}} {{/block}}\n    {{> components/common/modal}}\n    {{> components/common/alert-modal}}\n</div>\n",
  "components/common/footer": "{{#if banners.bottom}}\n    {{#if settings.data_tag_enabled}}\n        <div class=\"banners\" data-banner-location=\"bottom\">\n            {{#each (limit banners.bottom_metadata 1)}}\n                <div class=\"banner\" data-event-type=\"promotion\" data-entity-id=\"{{this.id}}\" data-name=\"{{this.banner-name}}\" data-position=\"{{this.location}}\" data-name=\"{{this.banner-name}}\">\n                    <div data-event-type=\"promotion-click\">\n                        {{{this.content}}}\n                    </div>\n                </div>\n            {{/each}}\n        </div>\n    {{else}}\n        <div class=\"banners\" data-banner-location=\"bottom\">\n            <div class=\"banner\">\n                {{{limit banners.bottom 1}}}\n            </div>\n        </div>\n    {{/if}}\n{{/if}}\n\n{{#if settings.show_newsletter_box}}\n    <div class=\"footer-newsletter\">\n        {{> components/common/subscription-form}}\n    </div>\n{{/if}}\n                    \n<footer class=\"footer\" role=\"contentinfo\">\n    <div class=\"container\">\n        <section class=\"sixty-thirty\">\n            <div>\n                <h5 class=\"footer-info-heading\">Easy Returns</h5>\n                <p style=\"color: #000; font-size: 12px;\">You can return your order with all original materials included within 30 days of delivery. We will email you a prepaid FedEx label, and deduct the cost of the return shipping from your refund amount ($5 per item flat rate). <a href=\"/shipping-returns-warranty-policies/\" style=\"color: #011e41;\"><strong>Details</strong></a></p>\n                <div style=\"text-align: center;\">\n                    <a href=\"https://www.bbb.org/us/oh/mason/profile/bedding/downlite-0292-11258/#sealclick\" target=\"_blank\" rel=\"nofollow\"><img src=\"https://seal-cincinnati.bbb.org/seals/blue-seal-200-42-bbb-11258.png\" style=\"border: 0;\" alt=\"Downlite BBB Business Review\" /></a>\n                </div>\n            </div>\n            <div class=\"hide-size-tablet\">\n                {{#if theme_settings.social_icons_footer}}\n                    <article data-section-type=\"footer-webPages\">\n                        <h5 class=\"footer-info-heading\">{{lang 'social.connect'}}</h5>\n                        {{> components/common/social-links}}\n                    </article>\n                {{/if}}\n            </div>\n        </section>\n\n        <section class=\"footer-info 4a616d6573\">\n            {{#and theme_settings.shop_by_brand_show_footer shop_by_brand.length}}\n                <article class=\"footer-info-col footer-info-dropdown footer-info-col--small\" data-section-type=\"footer-brands\">\n                    <h5 class=\"footer-info-heading\">\n                        {{lang 'footer.brands'}}\n                        <i class=\"icon\" aria-hidden=\"true\">\n                            <svg><use xlink:href=\"#icon-downselector\" /></svg>\n                        </i>\n                    </h5>\n                    <ul class=\"footer-info-list\">\n                        {{#each shop_by_brand}}\n                            <li>\n                                <a href=\"{{url}}\">{{name}}</a>\n                            </li>\n                        {{/each}}\n                        <li><a href=\"{{urls.brands}}\">{{lang 'common.view_all'}}</a></li>\n                    </ul>\n                </article>\n            {{/and}}\n            <article class=\"footer-info-col footer-info-dropdown footer-info-col--small\" data-section-type=\"footer-categories\">\n                <h5 class=\"footer-info-heading\">\n                    {{lang 'footer.categories'}}\n                    <i class=\"icon\" aria-hidden=\"true\">\n                        <svg><use xlink:href=\"#icon-downselector\" /></svg>\n                    </i>\n                </h5>\n                <ul class=\"footer-info-list\">\n                    {{#each categories}}\n                        <li>\n                            <a href=\"{{url}}\">{{name}}</a>\n                        </li>\n                    {{/each}}\n                    {{#if settings.gift_certificates_enabled}}\n                        <li>\n                            <a href=\"{{urls.gift_certificate.purchase}}\">{{lang 'common.gift_cert'}}</a>\n                        </li>\n                    {{/if}}\n                </ul>\n            </article>\n\n            <article class=\"footer-info-col footer-info-col-multi footer-info-col--small\" data-section-type=\"footer-webPages\">\n                <div class=\"footer-info-dropdown\">\n                    <h5 class=\"footer-info-heading\">\n                        Resources\n                        <i class=\"icon\" aria-hidden=\"true\">\n                            <svg><use xlink:href=\"#icon-downselector\" /></svg>\n                        </i>\n                    </h5>\n                    <ul class=\"footer-info-list\">\n                        <li><a href=\"/blog/\">Sleep Blog</a></li>\n                        <li><a href=\"/bedding-buying-guide/\">Bedding Guide</a></li>\n                        <li><a href=\"/wedding-registry/\">Wedding Registry</a></li>\n                        <li><a href=\"/customer-reviews/\">Customer Reviews</a></li>\n                        <li><a href=\"/rds-responsibly-sourced-down/\">RDS - Responsibly Sourced Down</a></li>\n                        <li><a href=\"{{urls.sitemap}}\">{{lang 'sitemap.page_title'}}</a></li>\n                    </ul>\n                </div>\n                <div class=\"footer-info-dropdown\">\n                    <h5 class=\"footer-info-heading\">\n                        About Us\n                        <i class=\"icon\" aria-hidden=\"true\">\n                            <svg><use xlink:href=\"#icon-downselector\" /></svg>\n                        </i>\n                    </h5>\n                    <ul class=\"footer-info-list\">\n                        <li><a href=\"/about-downlite/\">About Downlite</a></li>\n                        <li><a href=\"/one-percent-for-the-planet/\">One Percent For The Planet</a></li>\n                    </ul>\n                </div>\n            </article>\n            \n            <article class=\"footer-info-col footer-info-dropdown footer-info-col--small\" data-section-type=\"footer-webPages\">\n                <h5 class=\"footer-info-heading\">\n                    Support\n                    <i class=\"icon\" aria-hidden=\"true\">\n                        <svg><use xlink:href=\"#icon-downselector\" /></svg>\n                    </i>\n                </h5>\n                <ul class=\"footer-info-list\">\n                    <li><a href=\"/accessibility/\">Accessibility</a></li>\n                    <li><a href=\"/shipping-returns-warranty-policies/\">Shipping & Returns</a></li>\n                    <li><a href=\"/contact-downlite/\">Contact Downlite</a></li>\n                    <li><a href=\"/faq/\">FAQ's</a></li>\n                    <li><a href=\"/warranty-policy/\">Warranty Policy</a></li>\n                    <li><a href=\"/privacy-policy/\">Privacy Policy</a></li>\n                </ul>\n            </article>\n        </section>\n        {{#if theme_settings.geotrust_ssl_common_name}}\n            <div class=\"footer-geotrust-ssl-seal\">\n                {{> components/common/geotrust-ssl-seal}}\n            </div>\n        {{/if}}\n        \n        <div class=\"hide-size-desktop\">\n            {{#if theme_settings.social_icons_footer}}\n                <article data-section-type=\"footer-webPages\" style=\"margin-bottom: 20px;\">\n                    <h5 style=\"text-align: center; font-weight: 400; text-transform: none; margin-bottom: 0;\">{{lang 'social.connect'}}</h5>\n                    {{> components/common/social-links}}\n                </article>\n            {{/if}}\n        </div>\n        \n        <div class=\"footer-copyright\">\n            {{> components/common/payment-icons}}\n            {{#if theme_settings.show_copyright_footer}}\n                <p class=\"powered-by\">&copy; {{moment format=\"YYYY\"}} {{settings.store_name}} </p>\n            {{/if}}\n            <p class=\"powered-by\">*Shipping to Contiguous US Only (Sorry Alaska &amp; Hawaii)</p>\n        </div>\n        \n        {{#or theme_settings.show_powered_by theme_settings.show_built_by}}\n            <div class=\"footer-copyright\" style=\"font-size: 12px;\">\n                {{#if theme_settings.show_powered_by}}\n                    <p class=\"powered-by\">Powered by <a href=\"https://www.bigcommerce.com?utm_source=merchant&amp;utm_medium=poweredbyBC\" rel=\"nofollow\">BigCommerce</a></p>\n                {{/if}}\n                {{#if theme_settings.show_built_by}}\n                    <p class=\"powered-by\">Built by <a href=\"https://www.weizenyoung.com/\" rel=\"nofollow\">Weizen Young</a></p>\n                {{/if}}\n            </div>\n        {{/or}}\n    </div>\n</footer>\n",
  "components/category/sort-box": "<fieldset class=\"form-fieldset actionBar-section\">\n    <div class=\"form-field\">\n        <label class=\"form-label\" for=\"sort\">{{lang 'common.sorter.sort_by'}}</label>\n        <select class=\"form-select form-select--small\" name=\"sort\" id=\"sort\">\n            <option value=\"featured\" {{#if sort '==' 'featured'}}selected{{/if}}>{{lang 'common.sorter.featured'}}</option>\n            <option value=\"newest\" {{#if sort '==' 'newest'}}selected{{/if}}>{{lang 'common.sorter.newest'}}</option>\n            <option value=\"bestselling\" {{#if sort '==' 'bestselling'}}selected{{/if}}>{{lang 'common.sorter.top_sellers'}}</option>\n            <option value=\"alphaasc\" {{#if sort '==' 'alphaasc'}}selected{{/if}}>{{lang 'common.sorter.alpha_asc'}}</option>\n            <option value=\"alphadesc\" {{#if sort '==' 'alphadesc'}}selected{{/if}}>{{lang 'common.sorter.alpha_desc'}}</option>\n            <option value=\"avgcustomerreview\" {{#if sort '==' 'avgcustomerreview'}}selected{{/if}}>{{lang 'common.sorter.reviews'}}</option>\n            <option value=\"priceasc\" {{#if sort '==' 'priceasc'}}selected{{/if}}>{{lang 'common.sorter.price_asc'}}</option>\n            <option value=\"pricedesc\" {{#if sort '==' 'pricedesc'}}selected{{/if}}>{{lang 'common.sorter.price_desc'}}</option>\n            {{#if result_count}}\n                <option value=\"relevance\" {{#if sort '==' 'relevance'}}selected{{/if}}>{{lang 'common.sorter.relevance'}}</option>\n            {{/if}}\n        </select>\n    </div>\n</fieldset>\n\n",
  "components/products/card": "<article class=\"card {{#if alternate}}card--alternate{{/if}} {{#or price.non_sale_price_with_tax price.non_sale_price_without_tax}}has-sale-price{{/or}}\" {{#if settings.data_tag_enabled}} data-event-type=\"{{event}}\" data-entity-id=\"{{id}}\" data-position=\"{{position}}\" data-name=\"{{name}}\" data-product-category=\"{{#each category}}{{#if @last}}{{this}}{{else}}{{this}}, {{/if}}{{/each}}\" data-product-brand=\"{{brand.name}}\" data-product-price=\"{{#if price.with_tax}}{{price.with_tax.value}}{{else}}{{price.without_tax.value}}{{/if}}\"  {{/if}}>\n    <figure class=\"card-figure\">\n        {{#or price.non_sale_price_with_tax price.non_sale_price_without_tax}}\n            {{#if theme_settings.show_sale_badges}}\n                <div class=\"sale-flag-side\">\n                    <span class=\"sale-text\">Sale</span>\n                </div>\n            {{/if}}\n        {{/or}}\n        {{#if theme_settings.show-stock-badge}}\n            {{#if stock_level}}\n                {{#lte stock_level 5}}\n                    <div class=\"stock-badge\">\n                        <span class=\"stock-message\">Only {{stock_level}} left in stock</span>\n                    </div>\n                {{/lte}}\n            {{/if}}\n            {{#if out_of_stock_message}}\n                <div class=\"stock-badge\">\n                    <span class=\"stock-message\">{{out_of_stock_message}}</span>\n                </div>\n            {{/if}}\n        {{/if}}\n\n        {{#is stock_level 0}}\n            {{#unless out_of_stock_message}}\n                <div class=\"stock-badge\">\n                    <span class=\"stock-message\">Out of stock</span>\n                </div>\n            {{/unless}}\n        {{/is}}\n        \n        {{#filter custom_fields 'aafa' property='name' }}\n            <img class=\"aafaTag\" src=\"//cdn7.bigcommerce.com/s-j8lceuq/product_images/uploaded_images/transparent-aafa-logo.png?t=1539892255&_ga=2.53045288.1445571235.1539792233-874936403.1516736153\" alt=\"aafa\">\n        {{/filter}}\n\n        <a href=\"{{url}}\" {{#if settings.data_tag_enabled}} data-event-type=\"product-click\" {{/if}}>\n            <div class=\"card-img-container\">\n                <img class=\"card-image lazyload\" data-sizes=\"auto\" src=\"{{cdn 'img/loading.svg'}}\" data-src=\"{{getImage image 'productgallery_size' (cdn theme_settings.default_image_product)}}\" alt=\"{{image.alt}}\" title=\"{{image.alt}}\">\n            </div>\n            {{#filter custom_fields 'tag' property='name' }}\n                <div class=\"productTag\">{{value}}{{#if value '===' 'light'}} Plush{{else}}{{#if value '===' 'super'}} Plush{{/if}}{{/if}}</div>\n            {{/filter}}\n        </a>\n        {{#or theme_settings.show_product_quick_view show_cart_action show_compare}}\n            <figcaption class=\"card-figcaption\">\n                <div class=\"card-figcaption-body\">\n                    <div class=\"card-figcaption--action-buttons\">\n                    {{#unless hide_product_quick_view}}\n                        {{#if theme_settings.show_product_quick_view}}\n                            {{#if settings.data_tag_enabled}}\n                                <a class=\"button button--secondary button--small card-figcaption-button quickview\" data-event-type=\"product-click\" data-product-id=\"{{id}}\">{{lang 'products.quick_view'}}</a>\n                            {{else}}\n                                <a class=\"button button--secondary button--small card-figcaption-button quickview\" data-product-id=\"{{id}}\">{{lang 'products.quick_view'}}</a>\n                            {{/if}}\n                        {{/if}}\n                    {{/unless}}\n                    {{#or customer (if theme_settings.restrict_to_login '!==' true)}}\n                        {{#if show_cart_action}}\n                            {{#if has_options}}\n                                <a href=\"{{url}}\" data-event-type=\"product-click\" class=\"button button--small card-figcaption-button\" data-product-id=\"{{id}}\">{{lang 'products.choose_options'}}</a>\n                            {{/if}}\n                            {{#if pre_order}}\n                                <a href=\"{{pre_order_add_to_cart_url}}\" data-event-type=\"product-click\" class=\"button button--small card-figcaption-button\">{{lang 'products.pre_order'}}</a>\n                            {{/if}}\n                            {{#if add_to_cart_url }}\n                                <a href=\"{{add_to_cart_url}}\" data-event-type=\"product-click\" class=\"button button--small card-figcaption-button\">{{lang 'products.add_to_cart'}}</a>\n                            {{/if}}\n                            {{#if out_of_stock_message }}\n                                <a href=\"{{url}}\" data-event-type=\"product-click\" class=\"button button--small card-figcaption-button\" data-product-id=\"{{id}}\">{{out_of_stock_message}}</a>\n                            {{/if}}\n                        {{/if}}\n                    {{/or}}\n                    </div>\n                    {{#if show_compare}}\n                        <label class=\"card-compare\" for=\"compare-{{id}}\">\n                            <input type=\"checkbox\" class=\"compare-input\" name=\"products[]\" value=\"{{id}}\" id=\"compare-{{id}}\" data-compare-id=\"{{id}}\"> <span style=\"display:none;\">Remove from </span>{{lang 'products.compare'}}\n                        </label>\n                        <div class=\"compare-button-wrap\">\n                            <a class=\"compare-button\" href=\"{{urls.compare}}\" data-compare-nav>Compare <span class=\"countPill countPill--positive countPill--alt\"></span> Items</a>\n                        </div>\n                    {{/if}}\n                </div>\n            </figcaption>\n        {{/or}}\n    </figure>\n    <div class=\"card-body\">\n        <div>\n            <h4 class=\"card-title\">\n                <a href=\"{{url}}\" {{#if settings.data_tag_enabled}} data-event-type=\"product-click\" {{/if}}>{{name}}</a>\n            </h4>\n            <div class=\"card-text\" data-test-info-type=\"price\">\n                {{#or customer (if theme_settings.restrict_to_login '!==' true)}}\n                    {{> components/products/price price=price}}\n                {{else}}\n                    {{> components/common/login-for-pricing}}\n                {{/or}}\n            </div>\n\n            {{#if theme_settings.card-show-brand}}\n                {{#if brand.name}}\n                    <p class=\"card-text brand-name\" data-test-info-type=\"brandName\">{{brand.name}}</p>\n                {{else}}\n                    <p></p>\n                {{/if}}\n            {{/if}}\n        </div>\n\n        <div class=\"card-details\">\n            {{#and rating show_rating}}\n                <p class=\"card-text\" data-test-info-type=\"productRating\">\n                    <span class=\"rating--small\">\n                        {{> components/products/ratings rating=rating}}\n                    </span>\n                </p>\n            {{/and}}\n            \n            {{> components/products/bulk-discount-rates}}\n        </div>\n    </div>\n</article>\n",
  "components/common/store-logo": "<a href=\"{{urls.home}}\">\n    {{#if settings.store_logo.image}}\n        <div class=\"header-logo-image-container\">\n            <img class=\"header-logo-image\" src=\"{{cdn 'assets/img/dlb-logo.svg'}}\" alt=\"{{settings.store_logo.title}}\" title=\"{{settings.store_logo.title}}\">\n        </div>\n    {{else}}\n        <span class=\"header-logo-text\">{{settings.store_logo.title}}</span>\n    {{/if}}\n</a>\n",
  "components/products/list-item": "{{#if settings.data_tag_enabled}}\n    <article class=\"listItem\" data-event-type=\"{{event}}\" data-entity-id=\"{{id}}\" data-position=\"{{position}}\" data-name=\"{{name}}\" data-product-category=\"{{#each category}}{{#if @last}}{{this}}{{else}}{{this}}, {{/if}}{{/each}}\" data-product-brand=\"{{brand.name}}\" data-product-price=\"{{#if price.with_tax}}{{price.with_tax.value}}{{else}}{{price.without_tax.value}}{{/if}}\">\n{{else}}\n    <article class=\"listItem\">\n{{/if}}\n    <figure class=\"listItem-figure\">\n        <img class=\"listItem-image lazyload\" data-sizes=\"auto\" src=\"{{cdn 'img/loading.svg'}}\" data-src=\"{{getImage image 'productgallery_size' (cdn theme_settings.default_image_product)}}\" alt=\"{{image.alt}}\" title=\"{{image.alt}}\">\n        {{#unless hide_product_quick_view}}\n            {{#if theme_settings.show_product_quick_view}}\n                <div class=\"listItem-figureBody\">\n                    <a {{#if settings.data_tag_enabled}} data-event-type=\"product-click\" {{/if}} class=\"button button--small listItem-button quickview\" data-product-id=\"{{id}}\">{{lang 'products.quick_view'}}</a>\n                </div>\n            {{/if}}\n        {{/unless}}\n    </figure>\n    <div class=\"listItem-body\">\n        <div class=\"listItem-content\">\n            <div class=\"listItem-details\">\n                {{#if show_rating}}\n                    <p class=\"listItem-rating\">{{> components/products/ratings rating=rating}}</p>\n                {{/if}}\n                {{#if brand.name}}\n                <p class=\"listItem-brand\">{{brand.name}}</p>\n                {{/if}}\n                <h4 class=\"listItem-title\">\n                    <a href=\"{{url}}\" {{#if settings.data_tag_enabled}} data-event-type=\"product-click\" {{/if}}>{{name}}</a>\n                </h4>\n                {{#if summary}}\n                    <p>{{{summary}}}</p>\n                {{/if}}\n            </div>\n            <div class=\"listItem-actions\">\n                {{#or customer (if theme_settings.restrict_to_login '!==' true)}}\n                    {{#if price}}\n                        <div class=\"listItem-price\">{{> components/products/price price=price}}</div>\n                    {{/if}}\n                    {{#if show_cart_action}}\n                        {{#if has_options}}\n                            <a href=\"{{url}}\" {{#if settings.data_tag_enabled}} data-event-type=\"product-click\" {{/if}} class=\"button button--small\" data-product-id=\"{{id}}\">{{lang 'products.choose_options'}}</a>\n                        {{/if}}\n                        {{#if pre_order}}\n                            <a href=\"{{pre_order_add_to_cart_url}}\" data-event-type=\"product-click\" class=\"button button--primary\">{{lang 'products.pre_order'}}</a>\n                        {{/if}}\n                        {{#if add_to_cart_url }}\n                            <a href=\"{{add_to_cart_url}}\" {{#if settings.data_tag_enabled}} data-event-type=\"product-click\" {{/if}} class=\"button button--primary\">{{lang 'products.add_to_cart'}}</a>\n                        {{/if}}\n                        {{#if out_of_stock_message }}\n                            <a href=\"{{url}}\" data-event-type=\"product-click\" class=\"button button--small\" data-product-id=\"{{id}}\">{{out_of_stock_message}}</a>\n                        {{/if}}\n                    {{/if}}\n                {{else}}\n                    {{> components/common/login-for-pricing}}\n                {{/or}}\n                {{#if show_compare}}\n                    <label class=\"button button--small\" for=\"compare-{{id}}\">\n                        {{lang \"products.compare\"}} <input type=\"checkbox\" name=\"products[]\" value=\"{{id}}\" id=\"compare-{{id}}\" data-compare-id=\"{{id}}\">\n                    </label>\n                {{/if}}\n            </div>\n        </div>\n    </div>\n</article>\n",
  "components/common/quick-search": "<div>\n    {{{ snippet \"forms_search\"}}}\n    <form class=\"form\" action=\"{{urls.search}}\">\n        <fieldset class=\"form-fieldset\">\n            <div class=\"form-field\">\n                <label class=\"is-srOnly\" for=\"search_query\">{{lang \"search.quick_search.input_label\"}}</label>\n                <input class=\"form-input\" data-search-quick name=\"search_query\" id=\"search_query\" data-error-message=\"{{lang 'search.error.empty_field'}}\" placeholder=\"{{lang 'search.quick_search.input_placeholder'}}\" autocomplete=\"off\">\n                <button type=\"submit\" class=\"form-button\">\n                    <i class=\"icon\" aria-hidden=\"true\">\n                        <svg><use xlink:href=\"#icon-search\" /></svg>\n                    </i>\n                </button>\n            </div>\n        </fieldset>\n    </form>\n    <section class=\"quickSearchResults\" data-bind=\"html: results\"></section>\n</div>\n",
  "components/common/navigation": "<nav class=\"navUser\">\n    <ul class=\"navUser-section navUser-section--alt\">\n        <li class=\"navUser-item navUser-item--account\">\n            {{#if customer}}\n                <a class=\"navUser-action\" href=\"{{urls.account.index}}\">{{lang 'common.account'}}</a>\n            {{else}}\n                <a class=\"navUser-action\" href=\"{{urls.auth.login}}\">{{lang 'common.login'}}</a>\n            {{/if}}\n        </li>\n        {{> components/common/currency-selector}}\n        <li class=\"navUser-item navUser-item--mobile-search\">\n            <i class=\"icon\" aria-hidden=\"true\">\n                <svg><use xlink:href=\"#icon-search\" /></svg>\n            </i>\n        </li>\n        <li class=\"navUser-item navUser-item--cart\">\n            <a\n                class=\"navUser-action\"\n                data-cart-preview\n                data-dropdown=\"cart-preview-dropdown\"\n                data-options=\"align:right\"\n                href=\"{{urls.cart}}\">\n                Cart\n                (<span class=\"{{#if cart.items}} countPill--positive{{/if}} cart-quantity\">{{cart.quantity}}</span>)\n            </a>\n\n            <div class=\"dropdown-menu\" id=\"cart-preview-dropdown\" data-dropdown-content aria-hidden=\"true\"></div>\n        </li>\n    </ul>\n</nav>\n",
  "components/common/modal": "<div id=\"modal\" class=\"modal\" data-reveal data-prevent-quick-search-close>\n    <a href=\"#\" class=\"modal-close\" aria-label=\"{{lang 'common.close'}}\" role=\"button\">\n        <span aria-hidden=\"true\">&#215;</span>\n    </a>\n    <div class=\"modal-content\"></div>\n    <div class=\"loadingOverlay\"></div>\n</div>\n",
  "components/common/alert-modal": "<div id=\"alert-modal\" class=\"modal modal--alert modal--small\" data-reveal data-prevent-quick-search-close>\n    <div class=\"swal2-icon swal2-error swal2-icon-show\"><span class=\"swal2-x-mark\"><span class=\"swal2-x-mark-line-left\"></span><span class=\"swal2-x-mark-line-right\"></span></span></div>\n\n    <div class=\"modal-content\"></div>\n\n    <div class=\"button-container\"><button type=\"button\" class=\"confirm button\" data-reveal-close>OK</button></div>\n</div>\n",
  "components/faceted-search/selected-facets": "{{#if this.items}}\n    <div class=\"facetedSearch-refineFilters sidebarBlock\">\n        <h5 class=\"sidebarBlock-heading\">\n            {{lang 'search.faceted.selected.title'}}\n        </h5>\n    \n        \n        <ul class=\"inlineList inlineList--labels\">\n            {{#each this.items}}\n                <li>\n                    <a\n                        href=\"{{ url }}\"\n                        class=\"facetLabel\"\n                        rel=\"nofollow\"\n                        data-faceted-search-facet>\n                        {{#if facet '===' 'rating'}}\n                            {{lang 'search.faceted.selected.rating-label' rating=title}}\n                        {{else}}\n                            {{{ sanitize title }}}\n                        {{/if}}\n    \n                        <svg class=\"icon\">\n                            <use xlink:href=\"#icon-close\" />\n                        </svg>\n                    </a>\n                </li>\n            {{/each}}\n        </ul>\n    \n        {{#if remove_all_url}}\n            <a href=\"{{ remove_all_url }}\" data-faceted-search-facet>\n                {{lang 'search.faceted.selected.clear-all'}}\n            </a>\n        {{/if}}\n    </div>\n{{/if}}\n",
  "components/faceted-search/facets/hierarchy-children": "<ul class=\"navList navList--inner\">\n    {{#each this}}\n        <li class=\"navList-item\">\n            <a\n            href=\"{{url}}\"\n            class=\"navList-action navList-action--checkbox {{#if selected }} is-selected {{/if}} {{#if has_sub_categories }} has-children {{/if}}\"\n            rel=\"nofollow\"\n            data-id=\"{{ id }}\"\n            data-faceted-search-facet>\n                {{{sanitize title}}}\n                {{#if ../show_product_counts}}\n                    {{#if count}}\n                        <span>({{count}})</span>\n                    {{/if}}\n                {{/if}}\n            </a>\n            {{#if children}}\n                {{> components/faceted-search/facets/hierarchy-children children}}\n            {{/if}}\n        </li>\n    {{/each}}\n</ul>\n",
  "components/faceted-search/facets/hierarchy": "{{#if items}}\n<div class=\"accordion-block\">\n    <div\n        class=\"accordion-navigation toggleLink {{#unless ../start_collapsed }} is-open {{/unless}}\"\n        role=\"button\"\n        data-collapsible=\"#facetedSearch-content--{{#replace '&' (hyphenate facet) }}{{/replace}}\">\n        <h5 class=\"accordion-title\">\n            {{ title }}\n        </h5>\n\n        <div class=\"accordion-navigation-actions\">\n            {{#if selected}}\n                <a href=\"{{ remove_url }}\" class=\"facetedSearch-clearLink\" data-faceted-search-facet>{{lang 'search.faceted.clear'}}</a>\n            {{/if}}\n            <svg class=\"icon accordion-indicator toggleLink-text toggleLink-text--off\">\n                <use xlink:href=\"#icon-downselector\" />\n            </svg>\n            <svg class=\"icon accordion-indicator toggleLink-text toggleLink-text--on\">\n                <use xlink:href=\"#icon-downselector\" />\n            </svg>\n        </div>\n    </div>\n\n    <div id=\"facetedSearch-content--{{#replace '&' (hyphenate facet) }}{{/replace}}\" class=\"accordion-content {{#unless ../start_collapsed }} is-open {{/unless}}\">\n        <ul id=\"facetedSearch-navList--{{#replace '&' (hyphenate facet) }}{{/replace}}\" class=\"navList\" data-facet=\"{{facet}}\" data-has-more-results=\"{{ has_more_results }}\">\n            {{#each items}}\n                <li class=\"navList-item\">\n                    <a\n                        href=\"{{ url }}\"\n                        class=\"navList-action navList-action--checkbox {{#if selected }} is-selected {{/if}} {{#if has_sub_categories }} has-children {{/if}}\"\n                        rel=\"nofollow\"\n                        data-id=\"{{ id }}\"\n                        data-faceted-search-facet>\n                        {{{ sanitize title }}}\n                        {{#if ../show_product_counts}}\n                            {{#if count}}\n                                <span>({{ count }})</span>\n                            {{/if}}\n                        {{/if}}\n                    </a>\n                    {{#if children}}\n                        {{> components/faceted-search/facets/hierarchy-children children}}\n                    {{/if}}\n                </li>\n            {{/each}}\n        </ul>\n\n        {{#if show_more_toggle}}\n            <a href=\"#facetedSearch-navList--{{#replace '&' (hyphenate facet) }}{{/replace}}\" role=\"button\" class=\"toggleLink\">\n                <span class=\"toggleLink-text toggleLink-text--off\">{{lang 'search.faceted.show-more'}}</span>\n            </a>\n        {{/if}}\n    </div>\n</div>\n{{/if}}\n",
  "components/faceted-search/facets/multi": "{{#if items}}\n<div class=\"accordion-block\">\n    <div\n        class=\"accordion-navigation toggleLink {{#unless ../start_collapsed }} is-open {{/unless}}\"\n        role=\"button\"\n        data-collapsible=\"#facetedSearch-content--{{#replace '&' (hyphenate facet) }}{{/replace}}\">\n        <h5 class=\"accordion-title\">\n            {{ title }}\n        </h5>\n\n        <div class=\"accordion-navigation-actions\">\n            {{#if selected}}\n                <a href=\"{{ remove_url }}\" class=\"facetedSearch-clearLink\" data-faceted-search-facet>{{lang 'search.faceted.clear'}}</a>\n            {{/if}}\n            <svg class=\"icon accordion-indicator toggleLink-text toggleLink-text--off\">\n                <use xlink:href=\"#icon-downselector\" />\n            </svg>\n            <svg class=\"icon accordion-indicator toggleLink-text toggleLink-text--on\">\n                <use xlink:href=\"#icon-downselector\" />\n            </svg>\n        </div>\n    </div>\n\n    <div id=\"facetedSearch-content--{{#replace '&' (hyphenate facet) }}{{/replace}}\" class=\"accordion-content {{#unless ../start_collapsed }} is-open {{/unless}}\">\n        <ul id=\"facetedSearch-navList--{{#replace '&' (hyphenate facet) }}{{/replace}}\" data-facet=\"{{facet}}\" class=\"navList\" data-has-more-results=\"{{ has_more_results }}\">\n            {{#each items}}\n                <li class=\"navList-item\">\n                    <a\n                        href=\"{{ url }}\"\n                        class=\"navList-action navList-action--checkbox {{#if selected }} is-selected {{/if}}\"\n                        rel=\"nofollow\"\n                        data-faceted-search-facet>\n                        {{{ sanitize title }}}\n                        {{#if ../show_product_counts}}\n                            <span>({{ count }})</span>\n                        {{/if}}\n\n                        <span class=\"navList-action-close\" aria-hidden=\"true\">\n                            <svg class=\"icon\">\n                                <use xlink:href=\"#icon-close\"/>\n                            </svg>\n                        </span>\n                    </a>\n                </li>\n            {{/each}}\n        </ul>\n\n        {{#if show_more_toggle}}\n            <a href=\"#facetedSearch-navList--{{#replace '&' (hyphenate facet) }}{{/replace}}\" role=\"button\" class=\"toggleLink\">\n                <span class=\"toggleLink-text toggleLink-text--off\">{{lang 'search.faceted.show-more'}}</span>\n            </a>\n        {{/if}}\n    </div>\n</div>\n{{/if}}\n",
  "components/faceted-search/facets/range": "<div class=\"accordion-block\">\n    <div\n        class=\"accordion-navigation toggleLink {{#unless start_collapsed }} is-open {{/unless}}\"\n        role=\"button\"\n        data-collapsible=\"#facetedSearch-content--{{hyphenate facet }}\">\n        <h5 class=\"accordion-title\">\n            {{ title }}\n        </h5>\n\n        <div class=\"accordion-navigation-actions\">\n            {{#if selected}}\n                <a href=\"{{ remove_url }}\" class=\"facetedSearch-clearLink\" data-faceted-search-facet>{{lang 'search.faceted.clear'}}</a>\n            {{/if}}\n            <svg class=\"icon accordion-indicator toggleLink-text toggleLink-text--off\">\n                <use xlink:href=\"#icon-downselector\" />\n            </svg>\n            <svg class=\"icon accordion-indicator toggleLink-text toggleLink-text--on\">\n                <use xlink:href=\"#icon-downselector\" />\n            </svg>\n        </div>\n    </div>\n\n    <div id=\"facetedSearch-content--{{hyphenate facet }}\" class=\"accordion-content {{#unless start_collapsed }} is-open {{/unless}}\">\n        <form id=\"facet-range-form\" class=\"form\" method=\"get\" data-faceted-search-range novalidate>\n            {{#each current_selected_items}}\n                <input type=\"hidden\" name=\"{{ param_name }}[]\" value=\"{{ param_value }}\"/>\n            {{/each}}\n            <input type=\"hidden\" name=\"search_query\" value=\"{{search_query}}\">\n            {{#if this.sort}}\n                <input type=\"hidden\" name=\"sort\" value={{this.sort}}>\n            {{/if}}\n            <fieldset class=\"form-fieldset\">\n                <div class=\"form-minMaxRow\">\n                    <div class=\"form-field\">\n                        <input\n                            name=\"min_price\"\n                            placeholder=\"{{lang 'search.faceted.range.min-placeholder'}}\"\n                            min=\"0\"\n                            class=\"form-input form-input--small\"\n                            required\n                            type=\"number\"\n                            value=\"{{ min_price }}\"\n                        />\n                    </div>\n\n                    <div class=\"form-field\">\n                        <input\n                            name=\"max_price\"\n                            placeholder=\"{{lang 'search.faceted.range.max-placeholder'}}\"\n                            min=\"0\"\n                            class=\"form-input form-input--small\"\n                            required\n                            type=\"number\"\n                            value=\"{{ max_price }}\"\n                        />\n                    </div>\n\n                    <div class=\"form-field\">\n                        <button class=\"button button--small\" type=\"submit\">\n                            {{lang 'search.faceted.range.update'}}\n                        </button>\n                    </div>\n                </div>\n\n                <div class=\"form-inlineMessage\"></div>\n            </fieldset>\n        </form>\n    </div>\n</div>\n",
  "components/faceted-search/facets/rating": "{{#if items}}\n<div class=\"accordion-block\">\n    <div\n        class=\"accordion-navigation toggleLink {{#unless ../start_collapsed }} is-open {{/unless}}\"\n        role=\"button\"\n        data-collapsible=\"#facetedSearch-content--{{hyphenate facet }}\">\n        <h5 class=\"accordion-title\">\n            {{ title }}\n        </h5>\n\n        <div class=\"accordion-navigation-actions\">\n            {{#if selected}}\n                <a href=\"{{ remove_url }}\" class=\"facetedSearch-clearLink\" data-faceted-search-facet>{{lang 'search.faceted.clear'}}</a>\n            {{/if}}\n            <svg class=\"icon accordion-indicator toggleLink-text toggleLink-text--off\">\n                <use xlink:href=\"#icon-downselector\" />\n            </svg>\n            <svg class=\"icon accordion-indicator toggleLink-text toggleLink-text--on\">\n                <use xlink:href=\"#icon-downselector\" />\n            </svg>\n        </div>\n    </div>\n\n    <div id=\"facetedSearch-content--{{hyphenate facet }}\" class=\"accordion-content facetedSearch-content--{{hyphenate facet}} {{#unless ../start_collapsed }} is-open {{/unless}}\">\n        <ul class=\"navList\">\n            {{#each items}}\n                <li class=\"navList-item\">\n                    <a href=\"{{ url }}\"\n                       class=\"navList-action {{#if selected }} is-selected {{/if}}\"\n                       rel=\"nofollow\"\n                       data-faceted-search-facet>\n                        <span class=\"rating--small\">\n                            {{> components/products/ratings rating=title}}\n                        </span>\n                        {{lang 'search.faceted.rating.and-up'}}\n                        {{#if ../show_product_counts}}\n                            <span>({{ count }})</span>\n                        {{/if}}\n                    </a>\n                </li>\n            {{/each}}\n        </ul>\n    </div>\n</div>\n{{/if}}\n",
  "components/common/social-links": "{{#if social_media}}\n    <ul class=\"socialLinks socialLinks--alt\">\n        {{#each social_media}}\n            <li class=\"socialLinks-item\">\n                <a class=\"icon icon--{{display_name}}\" href=\"{{url}}\" target=\"_blank\">\n                    <svg><use xlink:href=\"#icon-{{display_name}}\" /></svg>\n                </a>\n            </li>\n        {{/each}}\n    </ul>\n{{/if}}\n",
  "components/common/navigation-menu": "<span class=\"mobile-closeNav\">\n    <i class=\"icon\" aria-hidden=\"true\">\n        <svg><use xlink:href=\"#icon-close-large\" /></svg>\n    </i>\n    close\n</span>\n<nav class=\"navPages\">\n    <ul class=\"navPages-list navPages-list--user 5765697a656e20596f756e67\">\n        {{#if customer}}\n            <li class=\"navPages-item\">\n                <i class=\"icon\" aria-hidden=\"true\">\n                    <svg><use xlink:href=\"#icon-user\" /></svg>\n                </i>\n                <a class=\"navPages-action has-subMenu\" href=\"{{urls.account.index}}\" data-collapsible=\"navPages-account\">\n                    {{lang 'common.account'}} <i class=\"icon navPages-action-moreIcon\" aria-hidden=\"true\"><svg><use xlink:href=\"#icon-chevron-down\" /></svg></i>\n                </a>\n                <div class=\"navPage-subMenu\" id=\"navPages-account\" aria-hidden=\"true\" tabindex=\"-1\">\n                    <ul class=\"navPage-subMenu-list\">\n                        <li class=\"navPage-subMenu-item\">\n                            <a class=\"navPage-subMenu-action navPages-action\" href=\"{{urls.account.orders.all}}\">{{lang 'account.nav.orders'}}</a>\n                        </li>\n                        {{#if settings.returns_enabled}}\n                            <li class=\"navPage-subMenu-item\">\n                                <a class=\"navPage-subMenu-action navPages-action\" href=\"{{urls.account.returns}}\">{{lang 'account.nav.returns'}}</a>\n                            </li>\n                        {{/if}}\n                        <li class=\"navPage-subMenu-item\">\n                            <a class=\"navPage-subMenu-action navPages-action\" href=\"{{urls.account.inbox}}\">{{lang 'account.mobile_nav.messages'}}</a>\n                        </li>\n                        <li class=\"navPage-subMenu-item\">\n                            <a class=\"navPage-subMenu-action navPages-action\" href=\"{{urls.account.addresses}}\">{{lang 'account.nav.addresses'}}</a>\n                        </li>\n                        {{#if settings.show_payment_methods}}\n                            <li class=\"navPage-subMenu-item\">\n                                <a class=\"navPage-subMenu-action navPages-action\" href=\"{{urls.account.payment_methods.all}}\">{{lang 'account.nav.payment_methods'}}</a>\n                            </li>\n                        {{/if}}\n                        <li class=\"navPage-subMenu-item\">\n                            <a class=\"navPage-subMenu-action navPages-action\" href=\"{{urls.account.wishlists.all}}\">{{lang 'account.mobile_nav.wishlists'}}</a>\n                        </li>\n                        <li class=\"navPage-subMenu-item\">\n                            <a class=\"navPage-subMenu-action navPages-action\" href=\"{{urls.account.recent_items}}\">{{lang 'account.nav.recently_viewed'}}</a>\n                        </li>\n                        <li class=\"navPage-subMenu-item\">\n                            <a class=\"navPage-subMenu-action navPages-action\" href=\"{{urls.account.details}}\">{{lang 'account.nav.settings'}}</a>\n                        </li>\n                    </ul>\n                </div>\n            </li>\n            <li class=\"navPages-item\">\n                <a class=\"navPages-action\" href=\"{{urls.auth.logout}}\">{{lang 'common.logout'}}</a>\n            </li>\n        {{else}}\n            <li class=\"navPages-item\">\n                <a class=\"navPages-action\" href=\"{{urls.auth.login}}\">{{lang 'common.login'}}</a>\n            </li>\n        {{/if}}\n        {{#if currency_selector.currencies.length '>' 1}}\n            <li class=\"navPages-item navPages-item--currency\">\n                <a class=\"navPages-action has-subMenu\" href=\"#\" data-collapsible=\"navPages-currency\" aria-controls=\"navPages-currency\" aria-expanded=\"false\">\n                    {{lang 'common.currency' code=currency_selector.active_currency_code}} <i class=\"icon navPages-action-moreIcon\" aria-hidden=\"true\"><svg><use xmlns:xlink=\"http://www.w3.org/1999/xlink\" xlink:href=\"#icon-chevron-down\"></use></svg></i>\n                </a>\n                <div class=\"navPage-subMenu\" id=\"navPages-currency\" aria-hidden=\"true\" tabindex=\"-1\">\n                    <ul class=\"navPage-subMenu-list\">\n                        {{#each currency_selector.currencies}}\n                        <li class=\"navPage-subMenu-item\">\n                            <a class=\"navPage-subMenu-action navPages-action\" href=\"{{{switch_url}}}\">\n                                {{#if is_active}}\n                                    <strong>{{name}}</strong>\n                                {{else}}\n                                    {{name}}\n                                {{/if}}\n                            </a>\n                        </li>\n                        {{/each}}\n                    </ul>\n                </div>\n            </li>\n        {{/if}}\n    </ul>\n    <ul class=\"navPages-list navPages-mega navPages-mainNav\">\n        {{#each categories}}\n            {{#unless name '===' 'Hotel Bedding Finder'}}\n                <li class=\"navPages-item\">\n                    {{> components/common/navigation-list}}\n                </li>\n            {{/unless}}\n        {{/each}}\n        {{#if theme_settings.show_content_navigation}}\n            {{#each pages}}\n                <li class=\"navPages-item{{#if @index '===' 0}} navPages-item--content-first{{/if}}\">\n                    {{#if ../theme_settings.navigation_design '===' 'simple'}}\n                        {{> components/common/navigation-list-alternate}}\n                    {{/if}}\n                    {{#if ../theme_settings.navigation_design '===' 'mega'}}\n                        {{> components/common/navigation-list}}\n                    {{/if}}\n                </li>\n             {{/each}}\n        {{/if}}\n    </ul>\n    <ul class=\"navPages-list navPages-mega navPages-mainNav navPages-contentPages\">\n        <li class=\"navPages-item\">\n            <a class=\"navPages-action has-subMenu\" data-collapsible=\"navPages-brands\" aria-controls=\"navPages-brands\" href=\"/brands/\" style=\"color: #8e8279;\">Shop By Brand</a>\n            <div class=\"column-menu navPage-subMenu\" id=\"navPages-brands\">\n                <ul>\n                    {{#each shop_by_brand}}\n                    <li class=\"navPage-subMenu-item\">\n                        <a class=\"navPage-subMenu-action navPages-action\" href=\"{{url}}\">{{name}}</a>\n                    </li>\n                    {{/each}}\n                </ul>\n            </div>\n        </li>\n        <li class=\"navPages-item\">\n            <a class=\"navPages-action\" href=\"/hotel-finder/\">Hotel Bedding Finder</a>\n        </li>\n        <li class=\"navPages-item\">\n            <a class=\"navPages-action\" href=\"/solutions/\" style=\"color: #00adee;\">Solutions</a>\n        </li>\n        <li class=\"navPages-item\">\n            <a class=\"navPages-action\" href=\"/blog/\" style=\"color: #5d5d5d;\">Blog</a>\n        </li>\n    </ul>\n    <ul class=\"navPages-list navPages-list--user\">\n        {{#and settings.phone_number theme_settings.header-phone}}\n            <li class=\"navPages-item\">\n                <a class=\"navPages-action navUser-action--phone\" href=\"tel:{{settings.phone_number}}\"><i class=\"fa fa-phone\" aria-hidden=\"true\"></i>&nbsp;{{settings.phone_number}}</a>\n            </li>\n        {{/and}}\n        {{#if settings.gift_certificates_enabled}}\n            <li class=\"navPages-item\">\n                <a class=\"navPages-action\" href=\"{{urls.gift_certificate.purchase}}\">{{lang 'common.gift_cert'}}</a>\n            </li>\n        {{/if}}\n        {{#if customer.store_credit.value '>' 0}}\n            <li class=\"navPages-item\">\n                <a class=\"navPages-action navPages-action--storeCredit\">\n                    {{lang 'common.store_credit_overview' credit=customer.store_credit.formatted}}\n                </a>\n            </li>\n        {{/if}}\n        {{#if theme_settings.product_list_display_mode '==' 'list'}}\n            <li class=\"navPages-item\">\n                <a class=\"navPages-action navPages-action--compare\" href=\"{{urls.compare}}\" data-compare-nav>{{lang 'common.compare'}} <span class=\"countPill countPill--positive countPill--alt\"></span></a>\n            </li>\n        {{/if}}\n        {{#if theme_settings.social_icon_placement_top}}\n            <li class=\"navPages-item\">\n                {{> components/common/social-links}}\n            </li>\n        {{/if}}\n    </ul>\n</nav>\n",
  "components/common/geotrust-ssl-seal": "<table width=\"135\" border=\"0\" cellpadding=\"2\" cellspacing=\"0\" title=\"Click to Verify - This site chose GeoTrust SSL for secure e-commerce and confidential communications.\">\n    <tr>\n        <td width=\"135\" align=\"center\" valign=\"top\">\n            <script type=\"text/javascript\" src=\"https://seal.geotrust.com/getgeotrustsslseal?host_name={{theme_settings.geotrust_ssl_common_name}}&amp;size={{theme_settings.geotrust_ssl_seal_size}}&amp;lang={{locale_name}}\"></script><br />\n            <a href=\"http://www.geotrust.com/ssl/\" target=\"_blank\"  style=\"color:#000000; text-decoration:none; font:bold 7px verdana,sans-serif; letter-spacing:.5px; text-align:center; margin:0px; padding:0px;\"></a>\n        </td>\n    </tr>\n</table>\n",
  "components/common/payment-icons": "{{#with theme_settings}}\n    {{#or show_accept_amex show_accept_discover show_accept_mastercard show_accept_paypal show_accept_visa show_accept_amazonpay show_accept_googlepay}}\n    <div class=\"footer-payment-icons\">\n        {{#if show_accept_amex}}\n        <svg class=\"footer-payment-icon\"><use xlink:href=\"#icon-logo-american-express\"></use></svg>\n        {{/if}}\n        {{#if show_accept_discover}}\n        <svg class=\"footer-payment-icon\"><use xlink:href=\"#icon-logo-discover\"></use></svg>\n        {{/if}}\n        {{#if show_accept_mastercard}}\n        <svg class=\"footer-payment-icon\"><use xlink:href=\"#icon-logo-mastercard\"></use></svg>\n        {{/if}}\n        {{#if show_accept_paypal}}\n        <svg class=\"footer-payment-icon\"><use xlink:href=\"#icon-logo-paypal\"></use></svg>\n        {{/if}}\n        {{#if show_accept_visa}}\n        <svg class=\"footer-payment-icon\"><use xlink:href=\"#icon-logo-visa\"></use></svg>\n        {{/if}}\n        {{#if show_accept_amazonpay}}\n        <svg class=\"footer-payment-icon\"><use xlink:href=\"#icon-logo-amazonpay\"></use></svg>\n        {{/if}}\n        {{#if show_accept_googlepay}}\n        <svg class=\"footer-payment-icon\"><use xlink:href=\"#icon-logo-googlepay\"></use></svg>\n        {{/if}}\n        {{#if show_accept_applepay}}\n        <svg class=\"footer-payment-icon footer-payment-icon-apple\"><use xlink:href=\"#icon-logo-apple-pay\"></use></svg>\n        {{/if}}\n    </div>\n    {{/or}}\n{{/with}}\n",
  "components/common/subscription-form": "<!--\n<h5 style=\"color: #948982;\">Be a Downlite VIP</h5>\n<h5 style=\"color: #221f1f;\">Sign up to get first dibs on great deals!</h5>\n{{#if settings.show_newsletter_summary }}\n    <div class=\"footer-newsletter-summary\"><p>{{settings.newsletter_summary}}</p></div>\n{{/if}}\n\n<form class=\"form\" action=\"{{urls.subscribe.action}}\" method=\"post\">\n    <fieldset class=\"form-fieldset\">\n        <input type=\"hidden\" name=\"action\" value=\"subscribe\">\n        <input type=\"hidden\" name=\"nl_first_name\" value=\"bc\">\n        <input type=\"hidden\" name=\"check\" value=\"1\">\n        <div class=\"form-field\">\n            <label class=\"form-label is-srOnly\" for=\"nl_email\">{{lang 'common.email_address'}}</label>\n            <div class=\"form-prefixPostfix wrap\">\n                <i class=\"icon\" aria-hidden=\"true\">\n                    <svg><use xlink:href=\"#icon-mail\" /></svg>\n                </i>\n                <input class=\"form-input\" id=\"nl_email\" name=\"nl_email\" type=\"email\" value=\"{{customer.email}}\" placeholder=\"{{lang 'newsletter.email_placeholder'}}\">\n                <input class=\"button form-prefixPostfix-button--postfix\" type=\"submit\" value=\"{{lang 'newsletter.subscribe_submit'}}\">\n            </div>\n        </div>\n    </fieldset>\n</form>\n-->\n\n<h5 style=\"color: #948982;\">Be a Downlite VIP</h5>\n<h5 style=\"color: #221f1f;\">Sign up to get first dibs on great deals!</h5>\n{{#if settings.show_newsletter_summary }}\n    <div class=\"footer-newsletter-summary\"><p>{{settings.newsletter_summary}}</p></div>\n{{/if}}\n\n<!--SPRINGBOT-->\n<div class=\"embeded-springot-form\">\n<div class=\"embeded-springot-form-form\"> \n<table border=\"0\" style=\"table-layout:fixed;border-collapse:collapse;border-width:0;margin-top:0;margin-bottom:0;margin-right:0;margin-left:0;\" cellpadding=\"0\" cellspacing=\"0\" align=\"center\" width=\"100%\" ng-click=\"$ctrl.select($event)\">\n    <tbody> \n        <tr style=\"display:table-row;vertical-align:middle;border-width:0;border-color:transparent;border:0;background:transparent;\"> \n            <td style=\"border-width:0;background:transparent;background-color:#FFFFFF;color:#000000;box-shadow:none;font-family:\\'Helvetica Neue\\',Helvetica,Arial,sans-serif;font-size:16px;font-weight:300;font-style:normal;text-transform:none;text-decoration:none;height:auto;line-height:1.5;text-align:left;opacity:1;text-shadow:none;padding:0;\" bgcolor=\"#FFFFFF\"> \n                <table class=\"columns\" border=\"0\" cellpadding=\"10\" cellspacing=\"0\" align=\"center\" width=\"100%\" style=\"table-layout:fixed;border-collapse:collapse;border-width:0;margin-top:0;margin-bottom:0;margin-right:0;margin-left:0;\"> \n                    <tbody> \n                        <tr style=\"display:table-row;vertical-align:middle;border-width:0;border-color:transparent;border:0;background:transparent;\"> \n                            <td drop-container=\"\" drop-accepts=\"$ctrl.disallowColumnsAndContainers($dragData)\" on-drop=\"$ctrl.onDrop($dragData)\" on-drag-enter=\"$ctrl.onDragEnter($event)\" on-drag-over=\"$ctrl.onDragOver($event, $dragData)\" on-drag-leave=\"$ctrl.onDragLeave($event)\" ng-repeat=\"col in $ctrl.cols track by $index\" align=\"center\" height=\"100%\" width=\"1%\" valign=\"top\" style=\"border-width:0;padding-top:0;padding-right:0;padding-bottom:0;padding-left:0;background:transparent;background-color:transparent;color:#000000;box-shadow:none;font-family:\\'Helvetica Neue\\',Helvetica,Arial,sans-serif;font-size:16px;font-weight:300;font-style:normal;text-transform:none;text-decoration:none;height:14px;line-height:1.5;text-align:left;opacity:1;text-shadow:none;\" ng-style=\"$ctrl.getColumnStyle($index)\" class=\"ng-scope drop-container responsive-column\"> \n\n                                <table style=\"table-layout:fixed;border-collapse:collapse;border-width:0;margin-top:0;margin-bottom:0;margin-right:0;margin-left:0;width:100%;background-color:#ffffff;color:#000000;padding-top:0;padding-right:0;padding-bottom:0;padding-left:0;\" ng-click=\"$ctrl.select($event)\">\n                                    <tbody> \n                                        <tr style=\"display:table-row;vertical-align:middle;border-width:0;border-color:transparent;border:0;background:transparent;\"> \n                                            <td bgcolor=\"#ffffff\" style=\"border-width:0;padding-top:0px;padding-right:0px;padding-bottom:0px;padding-left:0px;background:transparent;background-color:transparent;color:#000000;box-shadow:none;font-family:\\'Helvetica Neue\\',Helvetica,Arial,sans-serif;font-size:16px;font-weight:300;font-style:normal;text-transform:none;text-decoration:none;height:auto;line-height:1.5;text-align:left;opacity:1;text-shadow:none;\"> \n\n                                                <form class=\"springmod-form ng-pristine ng-valid\"> \n                                                    <!-- ngRepeat: input in $ctrl.inputs -->\n                                                    <div class=\"form-group ng-scope\" ng-repeat=\"input in $ctrl.inputs\" style=\"\"> \n                                                        <!-- ngIf: !$ctrl.usePlaceholder --> \n                                                        <!-- ngIf: !$ctrl.usePlaceholder --> \n                                                        <!-- ngIf: $ctrl.usePlaceholder -->\n                                                        <label for=\"springmod_email\" class=\"is-srOnly\">Enter Email</label>\n                                                        <input ng-if=\"$ctrl.usePlaceholder\" id=\"springmod_email\" type=\"email\" name=\"Email\" style=\"width:100%;margin:0;border-width:1px;border-style:solid;border-color:#cccccc;border-radius:1px;font-family:\\'Helvetica Neue\\',Helvetica,Arial,sans-serif;font-size:16px;height:32px;line-height:1.5;padding:0px 9px 0px 9px;box-sizing:border-box;background-color:#ffffff;color:#000000;\" placeholder=\"Email\" ondrop=\"event.preventDefault ? event.preventDefault() : event.returnValue = false\" ng-required=\"$ctrl.nameRequired || input.type === \\'email\\'\" class=\"ng-scope\" required=\"required\">\n                                                        <!-- end ngIf: $ctrl.usePlaceholder --> \n                                                    </div> \n                                                    <!-- end ngRepeat: input in $ctrl.inputs --> \n\n                                                    <div class=\"form-group\">\n                                                        <table style=\"table-layout:fixed;border-collapse:collapse;border-width:0;margin-top:0;margin-bottom:0;margin-right:0;margin-left:0;width:100%;background-color:#ffffff;color:#000000;padding-top:0;padding-right:0;padding-bottom:0;padding-left:0;\">\n                                                            <tbody> \n                                                                <tr style=\"display:table-row;vertical-align:middle;border-width:0;border-color:transparent;border:0;background:transparent;\"> \n                                                                    <td style=\"border-width:0;padding-top:0;padding-right:0;padding-bottom:0;padding-left:0;background:transparent;background-color:#ffffff;color:#000000;box-shadow:none;font-family:\\'Helvetica Neue\\',Helvetica,Arial,sans-serif;font-size:16px;font-weight:300;font-style:normal;text-transform:none;text-decoration:none;height:auto;line-height:1.5;opacity:1;text-shadow:none;\"> \n                                                                        <!-- ngIf: $ctrl.googleSiteKey && $ctrl.useCaptcha && $ctrl.canUseCaptcha --> \n                                                                        <input id=\"springmod_submit\" class=\"springmod_submit button button-primary\" value=\"Submit\" type=\"submit\"> \n                                                                    </td> \n                                                                </tr> \n                                                                <!-- ngIf: $ctrl.showPrivacy && $ctrl.canUsePrivacyLink -->\n                                                            </tbody> \n                                                        </table> \n                                                    </div> \n                                                    <!-- ngIf: $ctrl.showRestriction && $ctrl.canUseDoNotProcessDetails --> \n\n                                                    <div class=\"springmod-spinner\" id=\"springmod_spinner\"></div> \n                                                </form> \n                                            </td> \n                                        </tr>\n                                    </tbody> \n                                </table> \n                            </td> \n                            <!-- end ngRepeat: col in $ctrl.cols track by $index --> \n                        </tr>\n                    </tbody> \n                </table> \n            </td> \n        </tr>\n    </tbody> \n</table> \n</div>\n</div>\n\n",
  "components/products/price": "{{!-- There are 2 code paths for generating the PDP pricing HTML determined by the following #and condition. \nIf a 'price_range' exists then we generate all HTML in price-range.html, otherwise it is defined here. Both code\npaths generate the same HTML structure with some differences in whether that element is displayed by default (css styling).\n\nIf you are making a change here or in price-range.html, you probably want to make that change in both files. --}}\n\n{{#and price.price_range (if theme_settings.price_ranges '==' true)}}\n    {{> components/products/price-range price=price schema_org=schema_org}}\n{{else}}\n    {{#if price.with_tax}}\n        <div class=\"price-section price-section--withTax\" {{#if schema_org}}itemprop=\"offers\" itemscope itemtype=\"http://schema.org/Offer\"{{/if}}>\n            <span class=\"price-section price-section--withTax non-sale-price--withTax\" {{#unless price.non_sale_price_with_tax}}style=\"display: none;\"{{/unless}}>\n                <span data-product-non-sale-price-with-tax class=\"price price--non-sale\">\n                    {{price.non_sale_price_with_tax.formatted}}\n                </span>\n            </span>\n            <span data-product-price-with-tax class=\"price{{#if price.non_sale_price_with_tax}} sale-price{{/if}}\">{{price.with_tax.formatted}}</span>\n            {{#if schema_org}}\n                <meta itemprop=\"availability\" itemtype=\"http://schema.org/ItemAvailability\" \n                \tcontent=\"http://schema.org/{{#if product.pre_order}}PreOrder{{else if product.out_of_stock}}OutOfStock{{else if product.can_purchase '===' false}}OutOfStock{{else}}InStock{{/if}}\">\n                <meta itemprop=\"itemCondition\" itemtype=\"http://schema.org/OfferItemCondition\" content=\"http://schema.org/{{product.condition}}Condition\">\n                <meta itemprop=\"priceCurrency\" content=\"{{currency_selector.active_currency_code}}\">\n                <meta itemprop=\"url\" content=\"{{product.url}}\">\n                <div itemprop=\"priceSpecification\" itemscope itemtype=\"http://schema.org/PriceSpecification\">\n                    <meta itemprop=\"price\" content=\"{{price.with_tax.value}}\">\n                    <meta itemprop=\"priceCurrency\" content=\"{{currency_selector.active_currency_code}}\">\n                    <meta itemprop=\"valueAddedTaxIncluded\" content=\"true\">\n                </div>\n            {{/if}}\n<!--\n            {{#if price.without_tax}}\n                <abbr title=\"{{lang 'products.including_tax'}}\">{{lang 'products.price_with_tax' tax_label=price.tax_label}}</abbr>\n            {{/if}}\n-->\n            {{#if price.rrp_with_tax}}\n                <span data-product-rrp-with-tax class=\"price price--rrp\"> {{price.rrp_with_tax.formatted}}</span>\n            {{/if}}\n        </div>\n    {{/if}}\n    {{#if price.without_tax}}\n        <div class=\"price-section price-section--withoutTax {{#if price.with_tax}}price-section--minor{{/if}}\"  {{#if schema_org}}itemprop=\"offers\" itemscope itemtype=\"http://schema.org/Offer\"{{/if}}>\n            <span class=\"price-section price-section--withoutTax non-sale-price--withoutTax{{#if price.with_tax}} price-section--minor{{/if}}\" {{#unless price.non_sale_price_without_tax}}style=\"display: none;\"{{/unless}}>\n                <span data-product-non-sale-price-without-tax class=\"price price--non-sale\">\n                    {{price.non_sale_price_without_tax.formatted}}\n                </span>\n            </span>\n            <span data-product-price-without-tax class=\"price price--withoutTax{{#if price.non_sale_price_without_tax}} sale-price{{/if}}\">{{price.without_tax.formatted}}</span>\n            {{#if schema_org}}\n                <meta itemprop=\"availability\" itemtype=\"http://schema.org/ItemAvailability\"\n                    content=\"http://schema.org/{{#if product.pre_order}}PreOrder{{else if product.out_of_stock}}OutOfStock{{else if product.can_purchase '===' false}}OutOfStock{{else}}InStock{{/if}}\">\n                <meta itemprop=\"itemCondition\" itemtype=\"http://schema.org/OfferItemCondition\" content=\"http://schema.org/{{product.condition}}Condition\">\n                <meta itemprop=\"priceCurrency\" content=\"{{currency_selector.active_currency_code}}\">\n                <meta itemprop=\"url\" content=\"{{product.url}}\">\n                <div itemprop=\"priceSpecification\" itemscope itemtype=\"http://schema.org/PriceSpecification\">\n                    <meta itemprop=\"price\" content=\"{{price.without_tax.value}}\">\n                    <meta itemprop=\"priceCurrency\" content=\"{{currency_selector.active_currency_code}}\">\n                    <meta itemprop=\"valueAddedTaxIncluded\" content=\"false\">\n                </div>\n            {{/if}}\n<!--\n            {{#if price.without_tax}}\n                <abbr title=\"{{lang 'products.excluding_tax'}}\">{{lang 'products.price_without_tax' tax_label=price.tax_label}}</abbr>\n            {{/if}}\n-->\n            {{#if price.rrp_without_tax}}\n                <span data-product-rrp-without-tax class=\"price price--rrp\">{{price.rrp_without_tax.formatted}}</span>\n            {{/if}}\n        </div>\n    {{/if}}\n    {{#if page_type '===' 'product'}}\n         <div class=\"price-section price-section--saving price\" {{#unless price.saved}}style=\"display: none;\"{{/unless}}>\n                <span class=\"price\">{{lang 'products.you_save_opening_text'}}</span>\n                <span data-product-price-saved class=\"price price--saving\">\n                    {{price.saved.formatted}}\n                </span>\n                <span class=\"price\">{{lang 'products.you_save_closing_bracket'}}</span>\n         </div>\n    {{/if}}\n{{/and}}\n",
  "components/products/ratings": "{{#for 1 5}}\n    {{#if ../this.rating '>=' $index}}\n        <span class=\"icon icon--ratingFull\">\n            <svg>\n                <use xlink:href=\"#icon-star\" />\n            </svg>\n        </span>\n    {{else}}\n        <span class=\"icon icon--ratingEmpty\">\n            <svg>\n                <use xlink:href=\"#icon-star\" />\n            </svg>\n        </span>\n    {{/if}}\n{{/for}}\n",
  "components/common/login-for-pricing": "<p translate>Log in for pricing</p>",
  "components/products/bulk-discount-rates": "{{#if bulk_discount_rates.length}}\n    <div class=\"productView-info-bulkPricing\">\n        {{#if product}}<dt class=\"productView-info-bulkPricing-name\">{{lang 'products.bulk_pricing.title'}}</dt>{{/if}}\n        <dd class=\"productView-info-value\">\n            <p>{{lang 'products.bulk_pricing.instructions'}}</p>\n            <ul>\n                {{#each bulk_discount_rates}}\n                <li>\n                    {{lang 'products.bulk_pricing.range' min=min max=max}}\n                    {{#if type '===' 'percent'}}\n                    {{lang 'products.bulk_pricing.percent' discount=discount.formatted}}\n                    {{else if type '===' 'fixed'}}\n                    {{lang 'products.bulk_pricing.fixed' discount=discount.formatted}}\n                    {{else if type '===' 'price'}}\n                    {{lang 'products.bulk_pricing.price' discount=discount.formatted}}\n                    {{/if}}\n                </li>\n                {{/each}}\n            </ul>\n        </dd>\n    </div>\n{{/if}}\n",
  "components/common/currency-selector": "{{#if currency_selector.currencies.length '>' 1}}\n    <li class=\"navUser-item navUser-item-currency\">\n        <a class=\"navUser-action navUser-action--currencySelector has-dropdown\" href=\"#\" data-dropdown=\"currencySelection\" aria-controls=\"currencySelection\" aria-expanded=\"false\">{{lang 'common.currency' code=currency_selector.active_currency_code}} <i class=\"icon\" aria-hidden=\"true\"><svg><use xlink:href=\"#icon-downselector-small\" /></svg></i></a>\n        <ul class=\"dropdown-menu\" id=\"currencySelection\" data-dropdown-content aria-hidden=\"true\" tabindex=\"-1\">\n            {{#each currency_selector.currencies}}\n            <li class=\"dropdown-menu-item\">\n                <a href=\"{{{switch_url}}}\">\n                    {{#if is_active}}\n                    <strong>{{name}}</strong>\n                    {{else}}\n                    {{name}}\n                    {{/if}}\n                </a>\n            </li>\n            {{/each}}\n        </ul>\n    </li>\n{{/if}}\n",
  "components/common/navigation-list": "{{#if children}}\n<a class=\"navPages-action has-subMenu{{#if is_active}} activePage{{/if}}\" href=\"{{url}}\" data-collapsible=\"navPages-{{id}}\" {{#if name '===' 'Sale'}}style=\"color:#ec2323;\"{{/if}}>\n    {{name}} <i class=\"icon navPages-action-moreIcon\" aria-hidden=\"true\"><svg><use xlink:href=\"#icon-chevron-down\" /></svg></i>\n</a>\n<div class=\"column-menu navPage-subMenu\" id=\"navPages-{{id}}\" aria-hidden=\"true\" tabindex=\"-1\">\n    <ul class=\"navPage-subMenu-list\">\n        {{#each children}}\n            <li class=\"navPage-subMenu-item\">\n                <i class=\"icon navPages-action-moreIcon\" aria-hidden=\"true\"><svg><use xlink:href=\"#icon-chevron-right\" /></svg></i>\n                <a class=\"navPage-subMenu-action navPages-action{{#if is_active}} activePage{{/if}}\" href=\"{{url}}\">{{name}}</a>\n                {{#if children}}\n                    <i class=\"icon navPages-action-moreIcon navPages-action-closed\" aria-hidden=\"true\"><svg><use xlink:href=\"#icon-plus\" /></svg></i>\n                    <i class=\"icon navPages-action-moreIcon navPages-action-open\" aria-hidden=\"true\"><svg><use xlink:href=\"#icon-minus\" /></svg></i>\n                {{/if}}\n                \n            </li>\n            {{#if children}}\n                {{#each children}}\n                    <li class=\"navPage-childList-item\">\n                        <a class=\"navPage-childList-action navPages-action{{#if is_active}} activePage{{/if}}\" href=\"{{url}}\">{{name}}</a>\n                    </li>\n                {{/each}}\n            {{/if}}\n        {{/each}}\n    </ul>\n</div>\n{{else}}\n<a class=\"navPages-action{{#if is_active}} activePage{{/if}}\" href=\"{{url}}\" {{#if name '===' 'Sale'}}style=\"color:#ec2323;\"{{/if}}>{{name}}</a>\n{{/if}}\n",
  "components/common/navigation-list-alternate": "{{#if children}}\n    <a class=\"navPages-action navPages-action-depth-max has-subMenu is-root{{#if is_active}} activePage{{/if}}\" href=\"{{url}}\" data-collapsible=\"navPages-{{id}}\">\n        {{name}} <i class=\"icon navPages-action-moreIcon\" aria-hidden=\"true\"><svg><use xlink:href=\"#icon-chevron-down\" /></svg></i>\n    </a>\n    {{> components/common/navigation-dropdown}}\n{{else}}\n    <a class=\"navPages-action{{#if is_active}} activePage{{/if}}\" href=\"{{url}}\">{{name}}</a>\n{{/if}}\n",
  "components/products/price-range": "{{#and price.price_range.min.with_tax price.price_range.max.with_tax}}\n    {{!-- Never display the \"non-sales price\" if there is a price range to be shown, but we do want the element on the page --}}\n    <div class=\"price-section price-section--withTax non-sale-price--withTax\" style=\"display: none;\">\n        {{theme_settings.pdp-non-sale-price-label}}\n        <span data-product-non-sale-price-with-tax class=\"price price--non-sale\">\n            {{price.non_sale_price_with_tax.formatted}}\n        </span>\n    </div>\n    <div class=\"price-section price-section--withTax\" {{#if schema_org}}itemprop=\"offers\" itemscope itemtype=\"http://schema.org/Offer\"{{/if}}>\n        <span class=\"price-label\">{{theme_settings.pdp-price-label}}</span>\n        <span class=\"price-now-label\" style=\"display: none;\">{{theme_settings.pdp-sale-price-label}}</span>\n        <span data-product-price-with-tax class=\"price price--withTax\">{{price.price_range.min.with_tax.formatted}} - {{price.price_range.max.with_tax.formatted}}</span>\n        {{#and price.price_range.min.without_tax price.price_range.max.without_tax}}\n            <abbr title=\"{{lang 'products.including_tax'}}\">{{lang 'products.price_with_tax' tax_label=price.price_range.min.tax_label}}</abbr>\n        {{/and}}\n        {{#if schema_org}}\n            <meta itemprop=\"availability\" itemtype=\"http://schema.org/ItemAvailability\"\n                    content=\"http://schema.org/{{#if product.pre_order}}PreOrder{{else if product.out_of_stock}}OutOfStock{{else if product.can_purchase '===' false}}OutOfStock{{else}}InStock{{/if}}\">\n            <meta itemprop=\"itemCondition\" itemtype=\"http://schema.org/OfferItemCondition\" content=\"http://schema.org/{{product.condition}}Condition\">\n            <meta itemprop=\"priceCurrency\" content=\"{{currency_selector.active_currency_code}}\">\n            <meta itemprop=\"url\" content=\"{{product.url}}\">\n            <div itemprop=\"priceSpecification\" itemscope itemtype=\"http://schema.org/PriceSpecification\">\n                <meta itemprop=\"minPrice\" content=\"{{price_range.min.with_tax.value}}\"  />\n                <meta itemprop=\"price\" content=\"{{price_range.min.with_tax.value}}\">\n                <meta itemprop=\"maxPrice\" content=\"{{price_range.max.with_tax.value}}\"  />\n                <meta itemprop=\"priceCurrency\" content=\"{{currency_selector.active_currency_code}}\">\n                <meta itemprop=\"valueAddedTaxIncluded\" content=\"true\">\n            </div>\n        {{/if}}\n    </div>\n{{/and}}\n{{#and price.price_range.min.without_tax price.price_range.max.without_tax}}\n    {{!-- Never display the \"non-sales price\" if there is a price range to be shown, but we do want the element on the page --}}\n    <div class=\"price-section price-section--withoutTax non-sale-price--withoutTax{{#if price.with_tax}} price-section--minor{{/if}}\" style=\"display: none;\">\n        {{theme_settings.pdp-non-sale-price-label}}\n        <span data-product-non-sale-price-without-tax class=\"price price--non-sale\">\n            {{price.non_sale_price_without_tax.formatted}}\n        </span>\n    </div>\n    <div class=\"price-section price-section--withoutTax{{#and price_range.min.with_tax price_range.max.with_tax}} price-section--minor{{/and}}\" {{#if schema_org}}itemprop=\"offers\" itemscope itemtype=\"http://schema.org/Offer\"{{/if}}>\n        <span class=\"price-label\">{{theme_settings.pdp-price-label}}</span>\n        <span class=\"price-now-label\" style=\"display: none;\">{{theme_settings.pdp-sale-price-label}}</span>\n        <span data-product-price-without-tax class=\"price price--withoutTax\">{{price.price_range.min.without_tax.formatted}} - {{price.price_range.max.without_tax.formatted}}</span>\n        {{#and price.price_range.min.with_tax price.price_range.max.with_tax}}\n            <abbr title=\"{{lang 'products.excluding_tax'}}\">{{lang 'products.price_without_tax' tax_label=price.price_range.min.tax_label}}</abbr>\n        {{/and}}\n        {{#if schema_org}}\n            <meta itemprop=\"availability\" itemtype=\"http://schema.org/ItemAvailability\"\n                    content=\"http://schema.org/{{#if product.pre_order}}PreOrder{{else if product.out_of_stock}}OutOfStock{{else if product.can_purchase '===' false}}OutOfStock{{else}}InStock{{/if}}\">\n            <meta itemprop=\"itemCondition\" itemtype=\"http://schema.org/OfferItemCondition\" content=\"http://schema.org/{{product.condition}}Condition\">\n            <meta itemprop=\"priceCurrency\" content=\"{{currency_selector.active_currency_code}}\">\n            <meta itemprop=\"url\" content=\"{{product.url}}\">\n            <div itemprop=\"priceSpecification\" itemscope itemtype=\"http://schema.org/PriceSpecification\">\n                <meta itemprop=\"minPrice\" content=\"{{price.price_range.min.without_tax.value}}\"  />\n                <meta itemprop=\"price\" content=\"{{price.price_range.min.without_tax.value}}\">\n                <meta itemprop=\"maxPrice\" content=\"{{price.price_range.max.without_tax.value}}\"  />\n                <meta itemprop=\"priceCurrency\" content=\"{{currency_selector.active_currency_code}}\">\n                <meta itemprop=\"valueAddedTaxIncluded\" content=\"false\">\n            </div>\n        {{/if}}\n    </div>\n{{/and}}\n\n{{#and price.retail_price_range.min.with_tax price.retail_price_range.max.with_tax}}\n    <div class=\"price-section price-section--withTax rrp-price--withTax\">\n        {{theme_settings.pdp-retail-price-label}}\n        <span data-product-rrp-price-with-tax class=\"price price--rrp\">{{price.retail_price_range.min.with_tax.formatted}} - {{price.retail_price_range.max.with_tax.formatted}}</span>\n    </div>\n{{else}}\n    {{#if price.with_tax}}\n        <div class=\"price-section price-section--withTax rrp-price--withTax\" style=\"display: none;\">\n            {{theme_settings.pdp-retail-price-label}}\n            <span data-product-rrp-with-tax class=\"price price--rrp\">\n                {{price.rrp_with_tax.formatted}}\n            </span>\n        </div>\n    {{/if}}\n{{/and}}\n\n{{#and price.retail_price_range.min.without_tax price.retail_price_range.max.without_tax}}\n    <div class=\"price-section price-section--withoutTax rrp-price--withoutTax{{#if price.with_tax}} price-section--minor{{/if}}\">\n        {{theme_settings.pdp-retail-price-label}}\n        <span data-product-rrp-price-without-tax class=\"price price--rrp\">{{price.retail_price_range.min.without_tax.formatted}} - {{price.retail_price_range.max.without_tax.formatted}}</span>\n    </div>\n{{else}}\n    {{#if price.without_tax}}\n        <div class=\"price-section price-section--withoutTax rrp-price--withoutTax{{#if price.with_tax}} price-section--minor{{/if}}\" style=\"display: none;\">\n            {{theme_settings.pdp-retail-price-label}}\n            <span data-product-rrp-price-without-tax class=\"price price--rrp\">\n                {{price.rrp_without_tax.formatted}}\n            </span>\n        </div>\n    {{/if}}\n{{/and}}\n\n{{!-- Never display the \"saving price\" element by default if there is a price range on the page to be shown --}}\n{{#if page_type '===' 'product'}}\n     <div class=\"price-section price-section--saving price\" style=\"display: none;\">\n            <span class=\"price\">{{lang 'products.you_save_opening_text'}}</span>\n            <span data-product-price-saved class=\"price price--saving\">\n                {{price.saved.formatted}}\n            </span>\n            <span class=\"price\">{{lang 'products.you_save_closing_bracket'}}</span>\n     </div>\n{{/if}}\n",
  "components/common/navigation-dropdown": "<div class=\"navPage-subMenu navPage-subMenu-horizontal\" id=\"navPages-{{id}}\" aria-hidden=\"true\" tabindex=\"-1\">\n    <ul class=\"navPage-subMenu-list\">\n        {{#each children}}\n            <li class=\"navPage-subMenu-item-child\">\n                {{#if children}}\n                    <a class=\"navPage-subMenu-action navPages-action navPages-action-depth-max has-subMenu{{#if is_active}} activePage{{/if}}\" href=\"{{url}}\" data-collapsible=\"navPages-{{id}}\">\n                        <i class=\"icon navPages-secondLevel\" aria-hidden=\"true\"><svg><use xlink:href=\"#icon-arrow-right\" /></svg></i>\n                        {{name}}\n                        <i class=\"icon navPages-action-moreIcon navPages-action-more\" aria-hidden=\"true\"><svg><use xlink:href=\"#icon-plus\" /></svg></i>\n                        <i class=\"icon navPages-action-moreIcon navPages-action-less\" aria-hidden=\"true\"><svg><use xlink:href=\"#icon-minus\" /></svg></i>\n                    </a>\n                    {{> components/common/navigation-dropdown}}\n                {{else}}\n                    <a class=\"navPage-subMenu-action navPages-action{{#if is_active}} activePage{{/if}}\" href=\"{{url}}\">\n                        <i class=\"icon navPages-secondLevel\" aria-hidden=\"true\"><svg><use xlink:href=\"#icon-arrow-right\" /></svg></i>\n                        {{name}}\n                    </a>\n                {{/if}}\n            </li>\n        {{/each}}\n    </ul>\n</div>\n"
}