{
  "pages/blog": "---\nblog:\n    posts:\n        limit: {{theme_settings.blog_posts_per_page}}\n        pages: 3\n        summary: 200\n---\n{{#partial \"page\"}}\n\n<div class=\"container\">\n    {{> components/common/breadcrumbs breadcrumbs=breadcrumbs}}\n    <main class=\"page\">\n        {{#unless theme_settings.hide_blog_page_heading }}\n            <h1 class=\"page-heading\">{{ blog.name }}</h1>\n        {{/unless}}\n        <div class=\"blog-posts\">\n            {{#each blog.posts}}\n                {{> components/blog/post post=this}}\n            {{/each}}\n        </div>\n    \n        {{> components/common/paginator pagination.blog}}\n    </main>\n</div>\n\n{{/partial}}\n{{> layout/base}}\n",
  "components/common/breadcrumbs": "<ul class=\"breadcrumbs\" itemscope itemtype=\"http://schema.org/BreadcrumbList\">\n    {{#unless theme_settings.hide_breadcrumbs }}\n        {{#each breadcrumbs}}\n            <li class=\"breadcrumb {{#if @last}}is-active{{/if}}\" itemprop=\"itemListElement\" itemscope itemtype=\"http://schema.org/ListItem\">\n                {{#or @last (if url \"==\" null)}}\n                    <meta itemprop=\"item\" content=\"{{url}}\">\n                    <span class=\"breadcrumb-label\" itemprop=\"name\">{{name}}</span>\n                {{else}}\n                    <a href=\"{{url}}\" class=\"breadcrumb-label\" itemprop=\"item\"><span itemprop=\"name\">{{name}}</span></a>\n                {{/or}}\n                <meta itemprop=\"position\" content=\"{{add @index 1}}\" />\n            </li>\n        {{/each}}\n    {{/unless}}\n</ul>\n",
  "components/blog/post": "<article class=\"blog{{#if post.body}} full-post{{/if}}\">\n    <div class=\"blog-post-figure\">\n        {{#if post.thumbnail}}\n            <figure class=\"blog-thumbnail\">\n                <a href=\"{{post.url}}\">\n                    <img class=\"lazyload\" data-sizes=\"auto\" src=\"{{cdn 'img/loading.svg'}}\" data-src=\"{{getImage post.thumbnail 'blog_size'}}\" alt=\"{{post.thumbnail.alt}}\" title=\"{{post.thumbnail.alt}}\">\n                </a>\n            </figure>\n        {{/if}}\n    </div>\n\n    <div class=\"blog-post-body\">\n        <header class=\"blog-header\">\n            <p class=\"blog-date\">{{#if post.author}}{{lang 'blog.posted_by' name=post.author}} on {{/if}}{{post.date_published}}</p>\n            <h3 class=\"blog-title\">\n                <a href=\"{{post.url}}\">{{post.title}}</a>\n            </h3>\n        </header>\n\n        <div class=\"blog-post\">\n            {{#if post.body}}\n                {{{post.body}}}\n            {{else}}\n                {{{post.summary}}}\n                {{#if post.show_read_more}}\n                    &hellip; <p class=\"read-more\"><a href=\"{{url}}\"><strong>{{lang 'blog.read_more'}}</strong>\n                        <i class=\"icon\" aria-hidden=\"true\">\n                            <svg><use xlink:href=\"#icon-chevron-right\" /></svg>\n                        </i>\n                    </a></p>\n                {{/if}}\n            {{/if}}\n        </div>\n\n\n        {{#if show_tags}}\n            {{#if post.tags}}\n                <ul class=\"tags\">\n                    {{#each post.tags}}\n                    <li class=\"tag\">\n                        <a href=\"{{url}}\">#{{name}}</a>\n                    </li>\n                    {{/each}}\n                </ul>\n            {{/if}}\n        {{/if}}\n\n        {{>components/common/share}}\n\n    </div>\n</article>\n",
  "components/common/paginator": "<div class=\"pagination\">\n    <ul class=\"pagination-list\">\n        {{#if previous}}\n            <li class=\"pagination-item pagination-item--previous\">\n                <a class=\"pagination-link\" href=\"{{previous}}\" {{#unless reload}}data-faceted-search-facet{{/unless}}>\n                    <i class=\"icon\" aria-hidden=\"true\">\n                        <svg>\n                            <use xmlns:xlink=\"http://www.w3.org/1999/xlink\" xlink:href=\"#icon-chevron-left\"></use>\n                        </svg>\n                    </i>\n                    {{lang 'common.previous'}}\n                </a>\n            </li>\n        {{/if}}\n        {{#each links}}\n            {{#if this.number '==' ../current}}\n                <li class=\"pagination-item pagination-item--current\">\n                    <a class=\"pagination-link\" href=\"{{this.url}}\" {{#unless reload}}data-faceted-search-facet{{/unless}}>{{this.number}}</a>\n                </li>\n            {{else}}\n                <li class=\"pagination-item\">\n                    <a class=\"pagination-link\" href=\"{{this.url}}\" {{#unless reload}}data-faceted-search-facet{{/unless}}>{{this.number}}</a>\n                </li>\n            {{/if}}\n        {{/each}}\n\n        {{#if next}}\n            <li class=\"pagination-item pagination-item--next\">\n                <a class=\"pagination-link\" href=\"{{next}}\" {{#unless reload}}data-faceted-search-facet{{/unless}}>\n                    {{lang 'common.next'}}\n                    <i class=\"icon\" aria-hidden=\"true\">\n                        <svg>\n                            <use xmlns:xlink=\"http://www.w3.org/1999/xlink\" xlink:href=\"#icon-chevron-right\"></use>\n                        </svg>\n                    </i>\n                </a>\n            </li>\n        {{/if}}\n    </ul>\n</div>\n",
  "layout/base": "<!DOCTYPE html>\n<html class=\"no-js\" lang=\"{{ locale_name }}\">\n    <head>\n        <title>{{ head.title }}</title>\n        {{{ resourceHints }}}\n        {{{ head.meta_tags }}}\n        {{{ head.config }}}\n        {{#block \"head\"}} {{/block}}\n\n        <link href=\"{{ head.favicon }}\" rel=\"shortcut icon\">\n        <meta name=\"viewport\" content=\"width=device-width, initial-scale=1, maximum-scale=1\">\n\n        <script>\n            {{!-- Change document class from no-js to js so we can detect this in css --}}\n            document.documentElement.className = document.documentElement.className.replace('no-js', 'js');\n        </script>\n        {{!-- Load Lazysizes script ASAP so images will appear --}}\n        <script>\n            {{!-- Only load visible elements until the onload event fires, after which preload nearby elements. --}}\n            window.lazySizesConfig = window.lazySizesConfig || {};\n            window.lazySizesConfig.loadMode = 1;\n        </script>\n        <script async src=\"{{cdn 'assets/dist/theme-bundle.head_async.js'}}\"></script>\n\n        {{ getFontsCollection }}\n        {{{stylesheet '/assets/css/theme.css'}}}\n\n        {{{head.scripts}}}\n\n        {{~inject 'themeSettings' theme_settings}}\n        {{~inject 'genericError' (lang 'common.generic_error')}}\n        {{~inject 'maintenanceMode' settings.maintenance}}\n        {{~inject 'urls' urls}}\n        {{~inject 'secureBaseUrl' settings.secure_base_url}}\n        {{~inject 'cartId' cart_id}}\n        {{~inject 'template' template}}\n        \n        {{#if page_type '===' 'product'}}\n            {{> components/common/facebook-like}}\n        {{else if page_type '===' 'blog' }}\n            {{> components/common/facebook-like}}\n        {{else if page_type '===' 'blog_post' }}\n            {{> components/common/facebook-like}}\n        {{/if}}\n\n        <script>\n            var theme_settings = {\n                show_fast_cart: {{theme_settings.show_fast_cart}},\n                linksPerCol: {{theme_settings.nav-links-per-col}},\n            };\n        </script>\n    </head>\n    <body>\n        <svg data-src=\"{{cdn 'img/icon-sprite.svg'}}\" class=\"icons-svg-sprite\"></svg>\n\n        {{> components/common/header }}\n        {{> components/common/body }}\n        {{> components/common/footer }}\n\n        <script>window.__webpack_public_path__ = \"{{cdn 'assets/dist/'}}\";</script>\n        <script src=\"{{cdn 'assets/dist/theme-bundle.main.js'}}\"></script>\n        <script>\n            {{!-- Exported in app.js --}}\n            window.stencilBootstrap(\"{{page_type}}\", {{jsContext}}).load();\n        </script>\n\n        {{{footer.scripts}}}\n    </body>\n</html>\n",
  "components/common/share": "{{#if settings.add_this.buttons}}\n    <div class=\"addthis_toolbox addthis_32x32_style\" addthis:url=\"{{url}}\"\n         addthis:title=\"{{title}}\">\n        <ul class=\"socialLinks\">\n            {{#each settings.add_this.buttons}}\n                <li class=\"socialLinks-item socialLinks-item--{{service}}\">\n                    <a class=\"addthis_button_{{service}} icon icon--{{service}}\" {{{annotation}}}>\n                        {{#if service '===' 'facebook'}}\n                            <svg>\n                                <use xlink:href=\"#icon-facebook\"/>\n                            </svg>\n                        {{else if service '===' 'email'}}\n                            <svg>\n                                <use xlink:href=\"#icon-envelope\"/>\n                            </svg>\n                        {{else if service '===' 'print'}}\n                            <svg>\n                                <use xlink:href=\"#icon-print\"/>\n                            </svg>\n                        {{else if service '===' 'twitter'}}\n                            <svg>\n                                <use xlink:href=\"#icon-twitter\"/>\n                            </svg>\n                        {{else if service '===' 'linkedin'}}\n                            <svg>\n                                <use xlink:href=\"#icon-linkedin\"/>\n                            </svg>\n                        {{else if service '===' 'google'}}\n                            <svg>\n                                <use xlink:href=\"#icon-google\"/>\n                            </svg>\n                        {{else if service '===' 'pinterest'}}\n                            <svg>\n                                <use xlink:href=\"#icon-pinterest\"/>\n                            </svg>\n                        {{/if}}\n                    </a>\n                </li>\n            {{/each}}\n        </ul>\n        <script type=\"text/javascript\"\n                defer src=\"//s7.addthis.com/js/300/addthis_widget.js#pubid=ra-4e94ed470ee51e32\"></script>\n        <script>  \n            window.addEventListener('DOMContentLoaded', function() {\n                if (typeof(addthis) === \"object\") {\n                    addthis.toolbox('.addthis_toolbox');\n                }\n            });\n        </script>\n    </div>\n{{/if}}\n{{#if settings.facebook_like_button.enabled}}\n    <iframe \n        class=\"facebook{{#if settings.facebook_like_button.verb '===' 'recommend'}}Recommend{{else}}Like{{/if}}Btn\" \n        style=\"border:none; overflow:hidden; margin: 0; padding: 0; position:absolute\" \n        src=\"https://www.facebook.com/plugins/like.php?href={{settings.facebook_like_button.href}}&amp;layout=button_count{{#if settings.facebook_like_button.verb '===' 'recommend'}}&amp;action=recommend{{/if}}&amp;colorscheme=light&amp;height=20\" \n        scrolling=\"no\" \n        frameborder=\"0\" \n        allowTransparency=\"true\">\n    </iframe>\n{{/if}}",
  "components/common/facebook-like": "<!-- partial pulled in to the base layout -->\n{{#any settings.add_this.buttons service='facebook_like'}}\n  <div id=\"fb-root\"></div>\n  <script>(function(d, s, id) {\n    var js, fjs = d.getElementsByTagName(s)[0];\n    if (d.getElementById(id)) return;\n    js = d.createElement(s); js.id = id;\n    js.src = \"//connect.facebook.net/en_US/sdk.js#xfbml=1&version=v2.5\";\n    fjs.parentNode.insertBefore(js, fjs);\n  }(document, 'script', 'facebook-jssdk'));</script>\n{{/any}}\n",
  "components/common/header": "<header class=\"header\" role=\"banner\">\n    <div class=\"headerBanner\">\n        <div class=\"container\">\n            <span>Free Shipping on Orders Over $100!*</span>\n        </div>\n    </div>\n    \n    <a href=\"#\" class=\"mobileMenu-toggle\" data-mobile-menu-toggle=\"menu\">\n        <span class=\"mobileMenu-toggleIcon\"></span>\n    </a>\n\n    <div class=\"header-logo--wrap\">\n        <div class=\"header-logo {{#if theme_settings.logo_size '===' 'original'}}logo-full-size{{/if}}\">\n            \n            <div class=\"logo-and-toggle\">\n                <div class=\"desktopMenu-toggle\">\n                    <a href=\"javascript:void(0);\" class=\"mobileMenu-toggle\">\n                        <span class=\"mobileMenu-toggleIcon\"></span>\n                    </a>\n                </div>\n                \n                {{#if page_type '===' 'default'}}\n                    <h1 class=\"logo-wrap\">{{> components/common/store-logo}}</h1>\n                {{else}}\n                    <div class=\"logo-wrap\">{{> components/common/store-logo}}</div>\n                {{/if}}\n            </div>\n            \n            <div class=\"quickSearchWrap\" id=\"quickSearch\" aria-hidden=\"true\" tabindex=\"-1\" data-prevent-quick-search-close>\n                {{> components/common/quick-search}}\n            </div>\n            <div class=\"navUser-wrap\">\n                {{> components/common/navigation}}\n            </div>\n        </div>\n    </div>\n    <div class=\"navPages-container\" id=\"menu\" data-menu>\n        {{> components/common/navigation-menu}}\n    </div>\n</header>\n{{#unless page_type '===' 'default'}}\n{{#if banners.top}}\n<div class=\"banners\" data-banner-location=\"top\">\n    {{#each (limit banners.top_metadata 1)}}\n    <div class=\"banner\" data-event-type=\"promotion\" data-entity-id=\"{{this.id}}\" data-name=\"{{this.banner-name}}\" data-position=\"{{this.location}}\" data-banner-id=\"{{this.banner-name}}\">\n        <div data-event-type=\"promotion-click\">\n            {{{this.content}}}\n        </div>\n    </div>\n    {{/each}}\n</div>\n{{/if}}\n\n{{/unless}}\n\n{{{region name=\"header_bottom\"}}}\n\n",
  "components/common/body": "<div class=\"body {{#if template_file '===' 'pages/home'}}home{{/if}}\" data-currency-code=\"{{currency_selector.active_currency_code}}\">\n    {{#block \"hero\"}} {{/block}}\n    {{#block \"page\"}} {{/block}}\n    {{#block \"hero-bottom\"}} {{/block}}\n    {{> components/common/modal}}\n    {{> components/common/alert-modal}}\n</div>\n",
  "components/common/footer": "{{#if banners.bottom}}\n    {{#if settings.data_tag_enabled}}\n        <div class=\"banners\" data-banner-location=\"bottom\">\n            {{#each (limit banners.bottom_metadata 1)}}\n                <div class=\"banner\" data-event-type=\"promotion\" data-entity-id=\"{{this.id}}\" data-name=\"{{this.banner-name}}\" data-position=\"{{this.location}}\" data-name=\"{{this.banner-name}}\">\n                    <div data-event-type=\"promotion-click\">\n                        {{{this.content}}}\n                    </div>\n                </div>\n            {{/each}}\n        </div>\n    {{else}}\n        <div class=\"banners\" data-banner-location=\"bottom\">\n            <div class=\"banner\">\n                {{{limit banners.bottom 1}}}\n            </div>\n        </div>\n    {{/if}}\n{{/if}}\n\n{{#if settings.show_newsletter_box}}\n    <div class=\"footer-newsletter\">\n        {{> components/common/subscription-form}}\n    </div>\n{{/if}}\n                    \n<footer class=\"footer\" role=\"contentinfo\">\n    <div class=\"container\">\n        <section class=\"sixty-thirty\">\n            <div>\n                <h5 class=\"footer-info-heading\">Easy Returns</h5>\n                <p style=\"color: #000; font-size: 12px;\">You can return your order with all original materials included within 30 days of delivery. We will email you a prepaid FedEx label, and deduct the cost of the return shipping from your refund amount ($5 per item flat rate). <a href=\"/shipping-returns-warranty-policies/\" style=\"color: #011e41;\"><strong>Details</strong></a></p>\n                <div style=\"text-align: center;\">\n                    <a href=\"https://www.bbb.org/us/oh/mason/profile/bedding/downlite-0292-11258/#sealclick\" target=\"_blank\" rel=\"nofollow\"><img src=\"https://seal-cincinnati.bbb.org/seals/blue-seal-200-42-bbb-11258.png\" style=\"border: 0;\" alt=\"Downlite BBB Business Review\" /></a>\n                </div>\n            </div>\n            <div class=\"hide-size-tablet\">\n                {{#if theme_settings.social_icons_footer}}\n                    <article data-section-type=\"footer-webPages\">\n                        <h5 class=\"footer-info-heading\">{{lang 'social.connect'}}</h5>\n                        {{> components/common/social-links}}\n                    </article>\n                {{/if}}\n            </div>\n        </section>\n\n        <section class=\"footer-info 4a616d6573\">\n            {{#and theme_settings.shop_by_brand_show_footer shop_by_brand.length}}\n                <article class=\"footer-info-col footer-info-dropdown footer-info-col--small\" data-section-type=\"footer-brands\">\n                    <h5 class=\"footer-info-heading\">\n                        {{lang 'footer.brands'}}\n                        <i class=\"icon\" aria-hidden=\"true\">\n                            <svg><use xlink:href=\"#icon-downselector\" /></svg>\n                        </i>\n                    </h5>\n                    <ul class=\"footer-info-list\">\n                        {{#each shop_by_brand}}\n                            <li>\n                                <a href=\"{{url}}\">{{name}}</a>\n                            </li>\n                        {{/each}}\n                        <li><a href=\"{{urls.brands}}\">{{lang 'common.view_all'}}</a></li>\n                    </ul>\n                </article>\n            {{/and}}\n            <article class=\"footer-info-col footer-info-dropdown footer-info-col--small\" data-section-type=\"footer-categories\">\n                <h5 class=\"footer-info-heading\">\n                    {{lang 'footer.categories'}}\n                    <i class=\"icon\" aria-hidden=\"true\">\n                        <svg><use xlink:href=\"#icon-downselector\" /></svg>\n                    </i>\n                </h5>\n                <ul class=\"footer-info-list\">\n                    {{#each categories}}\n                        <li>\n                            <a href=\"{{url}}\">{{name}}</a>\n                        </li>\n                    {{/each}}\n                    {{#if settings.gift_certificates_enabled}}\n                        <li>\n                            <a href=\"{{urls.gift_certificate.purchase}}\">{{lang 'common.gift_cert'}}</a>\n                        </li>\n                    {{/if}}\n                </ul>\n            </article>\n\n            <article class=\"footer-info-col footer-info-col-multi footer-info-col--small\" data-section-type=\"footer-webPages\">\n                <div class=\"footer-info-dropdown\">\n                    <h5 class=\"footer-info-heading\">\n                        Resources\n                        <i class=\"icon\" aria-hidden=\"true\">\n                            <svg><use xlink:href=\"#icon-downselector\" /></svg>\n                        </i>\n                    </h5>\n                    <ul class=\"footer-info-list\">\n                        <li><a href=\"/blog/\">Sleep Blog</a></li>\n                        <li><a href=\"/bedding-buying-guide/\">Bedding Guide</a></li>\n                        <li><a href=\"/wedding-registry/\">Wedding Registry</a></li>\n                        <li><a href=\"/customer-reviews/\">Customer Reviews</a></li>\n                        <li><a href=\"/rds-responsibly-sourced-down/\">RDS - Responsibly Sourced Down</a></li>\n                        <li><a href=\"{{urls.sitemap}}\">{{lang 'sitemap.page_title'}}</a></li>\n                    </ul>\n                </div>\n                <div class=\"footer-info-dropdown\">\n                    <h5 class=\"footer-info-heading\">\n                        About Us\n                        <i class=\"icon\" aria-hidden=\"true\">\n                            <svg><use xlink:href=\"#icon-downselector\" /></svg>\n                        </i>\n                    </h5>\n                    <ul class=\"footer-info-list\">\n                        <li><a href=\"/about-downlite/\">About Downlite</a></li>\n                        <li><a href=\"/one-percent-for-the-planet/\">One Percent For The Planet</a></li>\n                    </ul>\n                </div>\n            </article>\n            \n            <article class=\"footer-info-col footer-info-dropdown footer-info-col--small\" data-section-type=\"footer-webPages\">\n                <h5 class=\"footer-info-heading\">\n                    Support\n                    <i class=\"icon\" aria-hidden=\"true\">\n                        <svg><use xlink:href=\"#icon-downselector\" /></svg>\n                    </i>\n                </h5>\n                <ul class=\"footer-info-list\">\n                    <li><a href=\"/accessibility/\">Accessibility</a></li>\n                    <li><a href=\"/shipping-returns-warranty-policies/\">Shipping & Returns</a></li>\n                    <li><a href=\"/contact-downlite/\">Contact Downlite</a></li>\n                    <li><a href=\"/faq/\">FAQ's</a></li>\n                    <li><a href=\"/warranty-policy/\">Warranty Policy</a></li>\n                    <li><a href=\"/privacy-policy/\">Privacy Policy</a></li>\n                </ul>\n            </article>\n        </section>\n        {{#if theme_settings.geotrust_ssl_common_name}}\n            <div class=\"footer-geotrust-ssl-seal\">\n                {{> components/common/geotrust-ssl-seal}}\n            </div>\n        {{/if}}\n        \n        <div class=\"hide-size-desktop\">\n            {{#if theme_settings.social_icons_footer}}\n                <article data-section-type=\"footer-webPages\" style=\"margin-bottom: 20px;\">\n                    <h5 style=\"text-align: center; font-weight: 400; text-transform: none; margin-bottom: 0;\">{{lang 'social.connect'}}</h5>\n                    {{> components/common/social-links}}\n                </article>\n            {{/if}}\n        </div>\n        \n        <div class=\"footer-copyright\">\n            {{> components/common/payment-icons}}\n            {{#if theme_settings.show_copyright_footer}}\n                <p class=\"powered-by\">&copy; {{moment format=\"YYYY\"}} {{settings.store_name}} </p>\n            {{/if}}\n            <p class=\"powered-by\">*Shipping to Contiguous US Only (Sorry Alaska &amp; Hawaii)</p>\n        </div>\n        \n        {{#or theme_settings.show_powered_by theme_settings.show_built_by}}\n            <div class=\"footer-copyright\" style=\"font-size: 12px;\">\n                {{#if theme_settings.show_powered_by}}\n                    <p class=\"powered-by\">Powered by <a href=\"https://www.bigcommerce.com?utm_source=merchant&amp;utm_medium=poweredbyBC\" rel=\"nofollow\">BigCommerce</a></p>\n                {{/if}}\n                {{#if theme_settings.show_built_by}}\n                    <p class=\"powered-by\">Built by <a href=\"https://www.weizenyoung.com/\" rel=\"nofollow\">Weizen Young</a></p>\n                {{/if}}\n            </div>\n        {{/or}}\n    </div>\n</footer>\n",
  "components/common/store-logo": "<a href=\"{{urls.home}}\">\n    {{#if settings.store_logo.image}}\n        <div class=\"header-logo-image-container\">\n            <img class=\"header-logo-image\" src=\"{{cdn 'assets/img/dlb-logo.svg'}}\" alt=\"{{settings.store_logo.title}}\" title=\"{{settings.store_logo.title}}\">\n        </div>\n    {{else}}\n        <span class=\"header-logo-text\">{{settings.store_logo.title}}</span>\n    {{/if}}\n</a>\n",
  "components/common/quick-search": "<div>\n    {{{ snippet \"forms_search\"}}}\n    <form class=\"form\" action=\"{{urls.search}}\">\n        <fieldset class=\"form-fieldset\">\n            <div class=\"form-field\">\n                <label class=\"is-srOnly\" for=\"search_query\">{{lang \"search.quick_search.input_label\"}}</label>\n                <input class=\"form-input\" data-search-quick name=\"search_query\" id=\"search_query\" data-error-message=\"{{lang 'search.error.empty_field'}}\" placeholder=\"{{lang 'search.quick_search.input_placeholder'}}\" autocomplete=\"off\">\n                <button type=\"submit\" class=\"form-button\">\n                    <i class=\"icon\" aria-hidden=\"true\">\n                        <svg><use xlink:href=\"#icon-search\" /></svg>\n                    </i>\n                </button>\n            </div>\n        </fieldset>\n    </form>\n    <section class=\"quickSearchResults\" data-bind=\"html: results\"></section>\n</div>\n",
  "components/common/navigation": "<nav class=\"navUser\">\n    <ul class=\"navUser-section navUser-section--alt\">\n        <li class=\"navUser-item navUser-item--account\">\n            {{#if customer}}\n                <a class=\"navUser-action\" href=\"{{urls.account.index}}\">{{lang 'common.account'}}</a>\n            {{else}}\n                <a class=\"navUser-action\" href=\"{{urls.auth.login}}\">{{lang 'common.login'}}</a>\n            {{/if}}\n        </li>\n        {{> components/common/currency-selector}}\n        <li class=\"navUser-item navUser-item--mobile-search\">\n            <i class=\"icon\" aria-hidden=\"true\">\n                <svg><use xlink:href=\"#icon-search\" /></svg>\n            </i>\n        </li>\n        <li class=\"navUser-item navUser-item--cart\">\n            <a\n                class=\"navUser-action\"\n                data-cart-preview\n                data-dropdown=\"cart-preview-dropdown\"\n                data-options=\"align:right\"\n                href=\"{{urls.cart}}\">\n                Cart\n                (<span class=\"{{#if cart.items}} countPill--positive{{/if}} cart-quantity\">{{cart.quantity}}</span>)\n            </a>\n\n            <div class=\"dropdown-menu\" id=\"cart-preview-dropdown\" data-dropdown-content aria-hidden=\"true\"></div>\n        </li>\n    </ul>\n</nav>\n",
  "components/common/modal": "<div id=\"modal\" class=\"modal\" data-reveal data-prevent-quick-search-close>\n    <a href=\"#\" class=\"modal-close\" aria-label=\"{{lang 'common.close'}}\" role=\"button\">\n        <span aria-hidden=\"true\">&#215;</span>\n    </a>\n    <div class=\"modal-content\"></div>\n    <div class=\"loadingOverlay\"></div>\n</div>\n",
  "components/common/alert-modal": "<div id=\"alert-modal\" class=\"modal modal--alert modal--small\" data-reveal data-prevent-quick-search-close>\n    <div class=\"swal2-icon swal2-error swal2-icon-show\"><span class=\"swal2-x-mark\"><span class=\"swal2-x-mark-line-left\"></span><span class=\"swal2-x-mark-line-right\"></span></span></div>\n\n    <div class=\"modal-content\"></div>\n\n    <div class=\"button-container\"><button type=\"button\" class=\"confirm button\" data-reveal-close>OK</button></div>\n</div>\n",
  "components/common/navigation-menu": "<span class=\"mobile-closeNav\">\n    <i class=\"icon\" aria-hidden=\"true\">\n        <svg><use xlink:href=\"#icon-close-large\" /></svg>\n    </i>\n    close\n</span>\n<nav class=\"navPages\">\n    <ul class=\"navPages-list navPages-list--user 5765697a656e20596f756e67\">\n        {{#if customer}}\n            <li class=\"navPages-item\">\n                <i class=\"icon\" aria-hidden=\"true\">\n                    <svg><use xlink:href=\"#icon-user\" /></svg>\n                </i>\n                <a class=\"navPages-action has-subMenu\" href=\"{{urls.account.index}}\" data-collapsible=\"navPages-account\">\n                    {{lang 'common.account'}} <i class=\"icon navPages-action-moreIcon\" aria-hidden=\"true\"><svg><use xlink:href=\"#icon-chevron-down\" /></svg></i>\n                </a>\n                <div class=\"navPage-subMenu\" id=\"navPages-account\" aria-hidden=\"true\" tabindex=\"-1\">\n                    <ul class=\"navPage-subMenu-list\">\n                        <li class=\"navPage-subMenu-item\">\n                            <a class=\"navPage-subMenu-action navPages-action\" href=\"{{urls.account.orders.all}}\">{{lang 'account.nav.orders'}}</a>\n                        </li>\n                        {{#if settings.returns_enabled}}\n                            <li class=\"navPage-subMenu-item\">\n                                <a class=\"navPage-subMenu-action navPages-action\" href=\"{{urls.account.returns}}\">{{lang 'account.nav.returns'}}</a>\n                            </li>\n                        {{/if}}\n                        <li class=\"navPage-subMenu-item\">\n                            <a class=\"navPage-subMenu-action navPages-action\" href=\"{{urls.account.inbox}}\">{{lang 'account.mobile_nav.messages'}}</a>\n                        </li>\n                        <li class=\"navPage-subMenu-item\">\n                            <a class=\"navPage-subMenu-action navPages-action\" href=\"{{urls.account.addresses}}\">{{lang 'account.nav.addresses'}}</a>\n                        </li>\n                        {{#if settings.show_payment_methods}}\n                            <li class=\"navPage-subMenu-item\">\n                                <a class=\"navPage-subMenu-action navPages-action\" href=\"{{urls.account.payment_methods.all}}\">{{lang 'account.nav.payment_methods'}}</a>\n                            </li>\n                        {{/if}}\n                        <li class=\"navPage-subMenu-item\">\n                            <a class=\"navPage-subMenu-action navPages-action\" href=\"{{urls.account.wishlists.all}}\">{{lang 'account.mobile_nav.wishlists'}}</a>\n                        </li>\n                        <li class=\"navPage-subMenu-item\">\n                            <a class=\"navPage-subMenu-action navPages-action\" href=\"{{urls.account.recent_items}}\">{{lang 'account.nav.recently_viewed'}}</a>\n                        </li>\n                        <li class=\"navPage-subMenu-item\">\n                            <a class=\"navPage-subMenu-action navPages-action\" href=\"{{urls.account.details}}\">{{lang 'account.nav.settings'}}</a>\n                        </li>\n                    </ul>\n                </div>\n            </li>\n            <li class=\"navPages-item\">\n                <a class=\"navPages-action\" href=\"{{urls.auth.logout}}\">{{lang 'common.logout'}}</a>\n            </li>\n        {{else}}\n            <li class=\"navPages-item\">\n                <a class=\"navPages-action\" href=\"{{urls.auth.login}}\">{{lang 'common.login'}}</a>\n            </li>\n        {{/if}}\n        {{#if currency_selector.currencies.length '>' 1}}\n            <li class=\"navPages-item navPages-item--currency\">\n                <a class=\"navPages-action has-subMenu\" href=\"#\" data-collapsible=\"navPages-currency\" aria-controls=\"navPages-currency\" aria-expanded=\"false\">\n                    {{lang 'common.currency' code=currency_selector.active_currency_code}} <i class=\"icon navPages-action-moreIcon\" aria-hidden=\"true\"><svg><use xmlns:xlink=\"http://www.w3.org/1999/xlink\" xlink:href=\"#icon-chevron-down\"></use></svg></i>\n                </a>\n                <div class=\"navPage-subMenu\" id=\"navPages-currency\" aria-hidden=\"true\" tabindex=\"-1\">\n                    <ul class=\"navPage-subMenu-list\">\n                        {{#each currency_selector.currencies}}\n                        <li class=\"navPage-subMenu-item\">\n                            <a class=\"navPage-subMenu-action navPages-action\" href=\"{{{switch_url}}}\">\n                                {{#if is_active}}\n                                    <strong>{{name}}</strong>\n                                {{else}}\n                                    {{name}}\n                                {{/if}}\n                            </a>\n                        </li>\n                        {{/each}}\n                    </ul>\n                </div>\n            </li>\n        {{/if}}\n    </ul>\n    <ul class=\"navPages-list navPages-mega navPages-mainNav\">\n        {{#each categories}}\n            {{#unless name '===' 'Hotel Bedding Finder'}}\n                <li class=\"navPages-item\">\n                    {{> components/common/navigation-list}}\n                </li>\n            {{/unless}}\n        {{/each}}\n        {{#if theme_settings.show_content_navigation}}\n            {{#each pages}}\n                <li class=\"navPages-item{{#if @index '===' 0}} navPages-item--content-first{{/if}}\">\n                    {{#if ../theme_settings.navigation_design '===' 'simple'}}\n                        {{> components/common/navigation-list-alternate}}\n                    {{/if}}\n                    {{#if ../theme_settings.navigation_design '===' 'mega'}}\n                        {{> components/common/navigation-list}}\n                    {{/if}}\n                </li>\n             {{/each}}\n        {{/if}}\n    </ul>\n    <ul class=\"navPages-list navPages-mega navPages-mainNav navPages-contentPages\">\n        <li class=\"navPages-item\">\n            <a class=\"navPages-action has-subMenu\" data-collapsible=\"navPages-brands\" aria-controls=\"navPages-brands\" href=\"/brands/\" style=\"color: #8e8279;\">Shop By Brand</a>\n            <div class=\"column-menu navPage-subMenu\" id=\"navPages-brands\">\n                <ul>\n                    {{#each shop_by_brand}}\n                    <li class=\"navPage-subMenu-item\">\n                        <a class=\"navPage-subMenu-action navPages-action\" href=\"{{url}}\">{{name}}</a>\n                    </li>\n                    {{/each}}\n                </ul>\n            </div>\n        </li>\n        <li class=\"navPages-item\">\n            <a class=\"navPages-action\" href=\"/hotel-finder/\">Hotel Bedding Finder</a>\n        </li>\n        <li class=\"navPages-item\">\n            <a class=\"navPages-action\" href=\"/solutions/\" style=\"color: #00adee;\">Solutions</a>\n        </li>\n        <li class=\"navPages-item\">\n            <a class=\"navPages-action\" href=\"/blog/\" style=\"color: #5d5d5d;\">Blog</a>\n        </li>\n    </ul>\n    <ul class=\"navPages-list navPages-list--user\">\n        {{#and settings.phone_number theme_settings.header-phone}}\n            <li class=\"navPages-item\">\n                <a class=\"navPages-action navUser-action--phone\" href=\"tel:{{settings.phone_number}}\"><i class=\"fa fa-phone\" aria-hidden=\"true\"></i>&nbsp;{{settings.phone_number}}</a>\n            </li>\n        {{/and}}\n        {{#if settings.gift_certificates_enabled}}\n            <li class=\"navPages-item\">\n                <a class=\"navPages-action\" href=\"{{urls.gift_certificate.purchase}}\">{{lang 'common.gift_cert'}}</a>\n            </li>\n        {{/if}}\n        {{#if customer.store_credit.value '>' 0}}\n            <li class=\"navPages-item\">\n                <a class=\"navPages-action navPages-action--storeCredit\">\n                    {{lang 'common.store_credit_overview' credit=customer.store_credit.formatted}}\n                </a>\n            </li>\n        {{/if}}\n        {{#if theme_settings.product_list_display_mode '==' 'list'}}\n            <li class=\"navPages-item\">\n                <a class=\"navPages-action navPages-action--compare\" href=\"{{urls.compare}}\" data-compare-nav>{{lang 'common.compare'}} <span class=\"countPill countPill--positive countPill--alt\"></span></a>\n            </li>\n        {{/if}}\n        {{#if theme_settings.social_icon_placement_top}}\n            <li class=\"navPages-item\">\n                {{> components/common/social-links}}\n            </li>\n        {{/if}}\n    </ul>\n</nav>\n",
  "components/common/geotrust-ssl-seal": "<table width=\"135\" border=\"0\" cellpadding=\"2\" cellspacing=\"0\" title=\"Click to Verify - This site chose GeoTrust SSL for secure e-commerce and confidential communications.\">\n    <tr>\n        <td width=\"135\" align=\"center\" valign=\"top\">\n            <script type=\"text/javascript\" src=\"https://seal.geotrust.com/getgeotrustsslseal?host_name={{theme_settings.geotrust_ssl_common_name}}&amp;size={{theme_settings.geotrust_ssl_seal_size}}&amp;lang={{locale_name}}\"></script><br />\n            <a href=\"http://www.geotrust.com/ssl/\" target=\"_blank\"  style=\"color:#000000; text-decoration:none; font:bold 7px verdana,sans-serif; letter-spacing:.5px; text-align:center; margin:0px; padding:0px;\"></a>\n        </td>\n    </tr>\n</table>\n",
  "components/common/social-links": "{{#if social_media}}\n    <ul class=\"socialLinks socialLinks--alt\">\n        {{#each social_media}}\n            <li class=\"socialLinks-item\">\n                <a class=\"icon icon--{{display_name}}\" href=\"{{url}}\" target=\"_blank\">\n                    <svg><use xlink:href=\"#icon-{{display_name}}\" /></svg>\n                </a>\n            </li>\n        {{/each}}\n    </ul>\n{{/if}}\n",
  "components/common/payment-icons": "{{#with theme_settings}}\n    {{#or show_accept_amex show_accept_discover show_accept_mastercard show_accept_paypal show_accept_visa show_accept_amazonpay show_accept_googlepay}}\n    <div class=\"footer-payment-icons\">\n        {{#if show_accept_amex}}\n        <svg class=\"footer-payment-icon\"><use xlink:href=\"#icon-logo-american-express\"></use></svg>\n        {{/if}}\n        {{#if show_accept_discover}}\n        <svg class=\"footer-payment-icon\"><use xlink:href=\"#icon-logo-discover\"></use></svg>\n        {{/if}}\n        {{#if show_accept_mastercard}}\n        <svg class=\"footer-payment-icon\"><use xlink:href=\"#icon-logo-mastercard\"></use></svg>\n        {{/if}}\n        {{#if show_accept_paypal}}\n        <svg class=\"footer-payment-icon\"><use xlink:href=\"#icon-logo-paypal\"></use></svg>\n        {{/if}}\n        {{#if show_accept_visa}}\n        <svg class=\"footer-payment-icon\"><use xlink:href=\"#icon-logo-visa\"></use></svg>\n        {{/if}}\n        {{#if show_accept_amazonpay}}\n        <svg class=\"footer-payment-icon\"><use xlink:href=\"#icon-logo-amazonpay\"></use></svg>\n        {{/if}}\n        {{#if show_accept_googlepay}}\n        <svg class=\"footer-payment-icon\"><use xlink:href=\"#icon-logo-googlepay\"></use></svg>\n        {{/if}}\n        {{#if show_accept_applepay}}\n        <svg class=\"footer-payment-icon footer-payment-icon-apple\"><use xlink:href=\"#icon-logo-apple-pay\"></use></svg>\n        {{/if}}\n    </div>\n    {{/or}}\n{{/with}}\n",
  "components/common/subscription-form": "<!--\n<h5 style=\"color: #948982;\">Be a Downlite VIP</h5>\n<h5 style=\"color: #221f1f;\">Sign up to get first dibs on great deals!</h5>\n{{#if settings.show_newsletter_summary }}\n    <div class=\"footer-newsletter-summary\"><p>{{settings.newsletter_summary}}</p></div>\n{{/if}}\n\n<form class=\"form\" action=\"{{urls.subscribe.action}}\" method=\"post\">\n    <fieldset class=\"form-fieldset\">\n        <input type=\"hidden\" name=\"action\" value=\"subscribe\">\n        <input type=\"hidden\" name=\"nl_first_name\" value=\"bc\">\n        <input type=\"hidden\" name=\"check\" value=\"1\">\n        <div class=\"form-field\">\n            <label class=\"form-label is-srOnly\" for=\"nl_email\">{{lang 'common.email_address'}}</label>\n            <div class=\"form-prefixPostfix wrap\">\n                <i class=\"icon\" aria-hidden=\"true\">\n                    <svg><use xlink:href=\"#icon-mail\" /></svg>\n                </i>\n                <input class=\"form-input\" id=\"nl_email\" name=\"nl_email\" type=\"email\" value=\"{{customer.email}}\" placeholder=\"{{lang 'newsletter.email_placeholder'}}\">\n                <input class=\"button form-prefixPostfix-button--postfix\" type=\"submit\" value=\"{{lang 'newsletter.subscribe_submit'}}\">\n            </div>\n        </div>\n    </fieldset>\n</form>\n-->\n\n<h5 style=\"color: #948982;\">Be a Downlite VIP</h5>\n<h5 style=\"color: #221f1f;\">Sign up to get first dibs on great deals!</h5>\n{{#if settings.show_newsletter_summary }}\n    <div class=\"footer-newsletter-summary\"><p>{{settings.newsletter_summary}}</p></div>\n{{/if}}\n\n<!--SPRINGBOT-->\n<div class=\"embeded-springot-form\">\n<div class=\"embeded-springot-form-form\"> \n<table border=\"0\" style=\"table-layout:fixed;border-collapse:collapse;border-width:0;margin-top:0;margin-bottom:0;margin-right:0;margin-left:0;\" cellpadding=\"0\" cellspacing=\"0\" align=\"center\" width=\"100%\" ng-click=\"$ctrl.select($event)\">\n    <tbody> \n        <tr style=\"display:table-row;vertical-align:middle;border-width:0;border-color:transparent;border:0;background:transparent;\"> \n            <td style=\"border-width:0;background:transparent;background-color:#FFFFFF;color:#000000;box-shadow:none;font-family:\\'Helvetica Neue\\',Helvetica,Arial,sans-serif;font-size:16px;font-weight:300;font-style:normal;text-transform:none;text-decoration:none;height:auto;line-height:1.5;text-align:left;opacity:1;text-shadow:none;padding:0;\" bgcolor=\"#FFFFFF\"> \n                <table class=\"columns\" border=\"0\" cellpadding=\"10\" cellspacing=\"0\" align=\"center\" width=\"100%\" style=\"table-layout:fixed;border-collapse:collapse;border-width:0;margin-top:0;margin-bottom:0;margin-right:0;margin-left:0;\"> \n                    <tbody> \n                        <tr style=\"display:table-row;vertical-align:middle;border-width:0;border-color:transparent;border:0;background:transparent;\"> \n                            <td drop-container=\"\" drop-accepts=\"$ctrl.disallowColumnsAndContainers($dragData)\" on-drop=\"$ctrl.onDrop($dragData)\" on-drag-enter=\"$ctrl.onDragEnter($event)\" on-drag-over=\"$ctrl.onDragOver($event, $dragData)\" on-drag-leave=\"$ctrl.onDragLeave($event)\" ng-repeat=\"col in $ctrl.cols track by $index\" align=\"center\" height=\"100%\" width=\"1%\" valign=\"top\" style=\"border-width:0;padding-top:0;padding-right:0;padding-bottom:0;padding-left:0;background:transparent;background-color:transparent;color:#000000;box-shadow:none;font-family:\\'Helvetica Neue\\',Helvetica,Arial,sans-serif;font-size:16px;font-weight:300;font-style:normal;text-transform:none;text-decoration:none;height:14px;line-height:1.5;text-align:left;opacity:1;text-shadow:none;\" ng-style=\"$ctrl.getColumnStyle($index)\" class=\"ng-scope drop-container responsive-column\"> \n\n                                <table style=\"table-layout:fixed;border-collapse:collapse;border-width:0;margin-top:0;margin-bottom:0;margin-right:0;margin-left:0;width:100%;background-color:#ffffff;color:#000000;padding-top:0;padding-right:0;padding-bottom:0;padding-left:0;\" ng-click=\"$ctrl.select($event)\">\n                                    <tbody> \n                                        <tr style=\"display:table-row;vertical-align:middle;border-width:0;border-color:transparent;border:0;background:transparent;\"> \n                                            <td bgcolor=\"#ffffff\" style=\"border-width:0;padding-top:0px;padding-right:0px;padding-bottom:0px;padding-left:0px;background:transparent;background-color:transparent;color:#000000;box-shadow:none;font-family:\\'Helvetica Neue\\',Helvetica,Arial,sans-serif;font-size:16px;font-weight:300;font-style:normal;text-transform:none;text-decoration:none;height:auto;line-height:1.5;text-align:left;opacity:1;text-shadow:none;\"> \n\n                                                <form class=\"springmod-form ng-pristine ng-valid\"> \n                                                    <!-- ngRepeat: input in $ctrl.inputs -->\n                                                    <div class=\"form-group ng-scope\" ng-repeat=\"input in $ctrl.inputs\" style=\"\"> \n                                                        <!-- ngIf: !$ctrl.usePlaceholder --> \n                                                        <!-- ngIf: !$ctrl.usePlaceholder --> \n                                                        <!-- ngIf: $ctrl.usePlaceholder -->\n                                                        <label for=\"springmod_email\" class=\"is-srOnly\">Enter Email</label>\n                                                        <input ng-if=\"$ctrl.usePlaceholder\" id=\"springmod_email\" type=\"email\" name=\"Email\" style=\"width:100%;margin:0;border-width:1px;border-style:solid;border-color:#cccccc;border-radius:1px;font-family:\\'Helvetica Neue\\',Helvetica,Arial,sans-serif;font-size:16px;height:32px;line-height:1.5;padding:0px 9px 0px 9px;box-sizing:border-box;background-color:#ffffff;color:#000000;\" placeholder=\"Email\" ondrop=\"event.preventDefault ? event.preventDefault() : event.returnValue = false\" ng-required=\"$ctrl.nameRequired || input.type === \\'email\\'\" class=\"ng-scope\" required=\"required\">\n                                                        <!-- end ngIf: $ctrl.usePlaceholder --> \n                                                    </div> \n                                                    <!-- end ngRepeat: input in $ctrl.inputs --> \n\n                                                    <div class=\"form-group\">\n                                                        <table style=\"table-layout:fixed;border-collapse:collapse;border-width:0;margin-top:0;margin-bottom:0;margin-right:0;margin-left:0;width:100%;background-color:#ffffff;color:#000000;padding-top:0;padding-right:0;padding-bottom:0;padding-left:0;\">\n                                                            <tbody> \n                                                                <tr style=\"display:table-row;vertical-align:middle;border-width:0;border-color:transparent;border:0;background:transparent;\"> \n                                                                    <td style=\"border-width:0;padding-top:0;padding-right:0;padding-bottom:0;padding-left:0;background:transparent;background-color:#ffffff;color:#000000;box-shadow:none;font-family:\\'Helvetica Neue\\',Helvetica,Arial,sans-serif;font-size:16px;font-weight:300;font-style:normal;text-transform:none;text-decoration:none;height:auto;line-height:1.5;opacity:1;text-shadow:none;\"> \n                                                                        <!-- ngIf: $ctrl.googleSiteKey && $ctrl.useCaptcha && $ctrl.canUseCaptcha --> \n                                                                        <input id=\"springmod_submit\" class=\"springmod_submit button button-primary\" value=\"Submit\" type=\"submit\"> \n                                                                    </td> \n                                                                </tr> \n                                                                <!-- ngIf: $ctrl.showPrivacy && $ctrl.canUsePrivacyLink -->\n                                                            </tbody> \n                                                        </table> \n                                                    </div> \n                                                    <!-- ngIf: $ctrl.showRestriction && $ctrl.canUseDoNotProcessDetails --> \n\n                                                    <div class=\"springmod-spinner\" id=\"springmod_spinner\"></div> \n                                                </form> \n                                            </td> \n                                        </tr>\n                                    </tbody> \n                                </table> \n                            </td> \n                            <!-- end ngRepeat: col in $ctrl.cols track by $index --> \n                        </tr>\n                    </tbody> \n                </table> \n            </td> \n        </tr>\n    </tbody> \n</table> \n</div>\n</div>\n\n",
  "components/common/currency-selector": "{{#if currency_selector.currencies.length '>' 1}}\n    <li class=\"navUser-item navUser-item-currency\">\n        <a class=\"navUser-action navUser-action--currencySelector has-dropdown\" href=\"#\" data-dropdown=\"currencySelection\" aria-controls=\"currencySelection\" aria-expanded=\"false\">{{lang 'common.currency' code=currency_selector.active_currency_code}} <i class=\"icon\" aria-hidden=\"true\"><svg><use xlink:href=\"#icon-downselector-small\" /></svg></i></a>\n        <ul class=\"dropdown-menu\" id=\"currencySelection\" data-dropdown-content aria-hidden=\"true\" tabindex=\"-1\">\n            {{#each currency_selector.currencies}}\n            <li class=\"dropdown-menu-item\">\n                <a href=\"{{{switch_url}}}\">\n                    {{#if is_active}}\n                    <strong>{{name}}</strong>\n                    {{else}}\n                    {{name}}\n                    {{/if}}\n                </a>\n            </li>\n            {{/each}}\n        </ul>\n    </li>\n{{/if}}\n",
  "components/common/navigation-list": "{{#if children}}\n<a class=\"navPages-action has-subMenu{{#if is_active}} activePage{{/if}}\" href=\"{{url}}\" data-collapsible=\"navPages-{{id}}\" {{#if name '===' 'Sale'}}style=\"color:#ec2323;\"{{/if}}>\n    {{name}} <i class=\"icon navPages-action-moreIcon\" aria-hidden=\"true\"><svg><use xlink:href=\"#icon-chevron-down\" /></svg></i>\n</a>\n<div class=\"column-menu navPage-subMenu\" id=\"navPages-{{id}}\" aria-hidden=\"true\" tabindex=\"-1\">\n    <ul class=\"navPage-subMenu-list\">\n        {{#each children}}\n            <li class=\"navPage-subMenu-item\">\n                <i class=\"icon navPages-action-moreIcon\" aria-hidden=\"true\"><svg><use xlink:href=\"#icon-chevron-right\" /></svg></i>\n                <a class=\"navPage-subMenu-action navPages-action{{#if is_active}} activePage{{/if}}\" href=\"{{url}}\">{{name}}</a>\n                {{#if children}}\n                    <i class=\"icon navPages-action-moreIcon navPages-action-closed\" aria-hidden=\"true\"><svg><use xlink:href=\"#icon-plus\" /></svg></i>\n                    <i class=\"icon navPages-action-moreIcon navPages-action-open\" aria-hidden=\"true\"><svg><use xlink:href=\"#icon-minus\" /></svg></i>\n                {{/if}}\n                \n            </li>\n            {{#if children}}\n                {{#each children}}\n                    <li class=\"navPage-childList-item\">\n                        <a class=\"navPage-childList-action navPages-action{{#if is_active}} activePage{{/if}}\" href=\"{{url}}\">{{name}}</a>\n                    </li>\n                {{/each}}\n            {{/if}}\n        {{/each}}\n    </ul>\n</div>\n{{else}}\n<a class=\"navPages-action{{#if is_active}} activePage{{/if}}\" href=\"{{url}}\" {{#if name '===' 'Sale'}}style=\"color:#ec2323;\"{{/if}}>{{name}}</a>\n{{/if}}\n",
  "components/common/navigation-list-alternate": "{{#if children}}\n    <a class=\"navPages-action navPages-action-depth-max has-subMenu is-root{{#if is_active}} activePage{{/if}}\" href=\"{{url}}\" data-collapsible=\"navPages-{{id}}\">\n        {{name}} <i class=\"icon navPages-action-moreIcon\" aria-hidden=\"true\"><svg><use xlink:href=\"#icon-chevron-down\" /></svg></i>\n    </a>\n    {{> components/common/navigation-dropdown}}\n{{else}}\n    <a class=\"navPages-action{{#if is_active}} activePage{{/if}}\" href=\"{{url}}\">{{name}}</a>\n{{/if}}\n",
  "components/common/navigation-dropdown": "<div class=\"navPage-subMenu navPage-subMenu-horizontal\" id=\"navPages-{{id}}\" aria-hidden=\"true\" tabindex=\"-1\">\n    <ul class=\"navPage-subMenu-list\">\n        {{#each children}}\n            <li class=\"navPage-subMenu-item-child\">\n                {{#if children}}\n                    <a class=\"navPage-subMenu-action navPages-action navPages-action-depth-max has-subMenu{{#if is_active}} activePage{{/if}}\" href=\"{{url}}\" data-collapsible=\"navPages-{{id}}\">\n                        <i class=\"icon navPages-secondLevel\" aria-hidden=\"true\"><svg><use xlink:href=\"#icon-arrow-right\" /></svg></i>\n                        {{name}}\n                        <i class=\"icon navPages-action-moreIcon navPages-action-more\" aria-hidden=\"true\"><svg><use xlink:href=\"#icon-plus\" /></svg></i>\n                        <i class=\"icon navPages-action-moreIcon navPages-action-less\" aria-hidden=\"true\"><svg><use xlink:href=\"#icon-minus\" /></svg></i>\n                    </a>\n                    {{> components/common/navigation-dropdown}}\n                {{else}}\n                    <a class=\"navPage-subMenu-action navPages-action{{#if is_active}} activePage{{/if}}\" href=\"{{url}}\">\n                        <i class=\"icon navPages-secondLevel\" aria-hidden=\"true\"><svg><use xlink:href=\"#icon-arrow-right\" /></svg></i>\n                        {{name}}\n                    </a>\n                {{/if}}\n            </li>\n        {{/each}}\n    </ul>\n</div>\n"
}