{
  "components/carousel": "<section class=\"heroCarousel\"\n    data-slick='{\n        \"arrows\": {{arrows}},\n        \"mobileFirst\": true,\n        \"slidesToShow\": 1,\n        \"slidesToScroll\": 1,\n        \"autoplay\": true,\n        \"autoplaySpeed\": {{carousel.swap_frequency}},\n        \"lazyLoad\": \"anticipated\"\n    }'>\n    {{#each carousel.slides}}\n    {{#if url}}\n    <a href=\"{{url}}\">\n    {{/if}}\n        <div class=\"heroCarousel-slide {{#if ../theme_settings.homepage_stretch_carousel_images}}stretch{{/if}} {{#if @first}}heroCarousel-slide--first{{/if}}\">\n            <div class=\"heroCarousel-image-wrapper\" {{#and image_height image_width}}style=\"height: {{multiply (divide image_height image_width) 100}}vw\"{{/and}}>\n                <img class=\"heroCarousel-image\" {{#if @first}}src{{else}}data-lazy{{/if}}=\"{{image}}\" alt=\"{{alt_text}}\" title=\"{{alt_text}}\" {{#if image_width}}width=\"{{image_width}}\"{{/if}} {{#if image_height}}height=\"{{image_height}}\"{{/if}} />\n            </div>\n            {{#or heading text}}\n            <div class=\"heroCarousel-content--wrapper\">\n                {{#if heading}}\n                    {{> components/carousel-content show_background=true}}\n                {{else}}\n                    {{#if text}}\n                        {{> components/carousel-content show_background=true}}\n                    {{else}}\n                        {{#if button_text}}\n                            {{> components/carousel-content show_background=false}}\n                        {{/if}}\n                    {{/if}}\n                {{/if}}\n            </div>\n            {{/or}}\n        </div>\n    {{#if url}}\n    </a>\n    {{/if}}\n    {{/each}}\n</section>\n",
  "components/carousel-content": "<div class=\"heroCarousel-content{{#unless show_background}} heroCarousel-content--empty{{/unless}}\">\n    <p class=\"heroCarousel-title\">{{{heading}}}</p>\n    <p class=\"heroCarousel-description\">{{{text}}}</p>\n    {{#if button_text}}\n        <span class=\"heroCarousel-action button button--primary button--large\">{{button_text}}</span>\n    {{/if}}\n</div>\n"
}