{
  "components/common/header": "<header class=\"header\" role=\"banner\">\n    <div class=\"headerBanner\">\n        <div class=\"container\">\n            <span>Free Shipping on Orders Over $100!*</span>\n        </div>\n    </div>\n    \n    <a href=\"#\" class=\"mobileMenu-toggle\" data-mobile-menu-toggle=\"menu\">\n        <span class=\"mobileMenu-toggleIcon\"></span>\n    </a>\n\n    <div class=\"header-logo--wrap\">\n        <div class=\"header-logo {{#if theme_settings.logo_size '===' 'original'}}logo-full-size{{/if}}\">\n            \n            <div class=\"logo-and-toggle\">\n                <div class=\"desktopMenu-toggle\">\n                    <a href=\"javascript:void(0);\" class=\"mobileMenu-toggle\">\n                        <span class=\"mobileMenu-toggleIcon\"></span>\n                    </a>\n                </div>\n                \n                {{#if page_type '===' 'default'}}\n                    <h1 class=\"logo-wrap\">{{> components/common/store-logo}}</h1>\n                {{else}}\n                    <div class=\"logo-wrap\">{{> components/common/store-logo}}</div>\n                {{/if}}\n            </div>\n            \n            <div class=\"quickSearchWrap\" id=\"quickSearch\" aria-hidden=\"true\" tabindex=\"-1\" data-prevent-quick-search-close>\n                {{> components/common/quick-search}}\n            </div>\n            <div class=\"navUser-wrap\">\n                {{> components/common/navigation}}\n            </div>\n        </div>\n    </div>\n    <div class=\"navPages-container\" id=\"menu\" data-menu>\n        {{> components/common/navigation-menu}}\n    </div>\n</header>\n{{#unless page_type '===' 'default'}}\n{{#if banners.top}}\n<div class=\"banners\" data-banner-location=\"top\">\n    {{#each (limit banners.top_metadata 1)}}\n    <div class=\"banner\" data-event-type=\"promotion\" data-entity-id=\"{{this.id}}\" data-name=\"{{this.banner-name}}\" data-position=\"{{this.location}}\" data-banner-id=\"{{this.banner-name}}\">\n        <div data-event-type=\"promotion-click\">\n            {{{this.content}}}\n        </div>\n    </div>\n    {{/each}}\n</div>\n{{/if}}\n\n{{/unless}}\n\n{{{region name=\"header_bottom\"}}}\n\n",
  "components/common/store-logo": "<a href=\"{{urls.home}}\">\n    {{#if settings.store_logo.image}}\n        <div class=\"header-logo-image-container\">\n            <img class=\"header-logo-image\" src=\"{{cdn 'assets/img/dlb-logo.svg'}}\" alt=\"{{settings.store_logo.title}}\" title=\"{{settings.store_logo.title}}\">\n        </div>\n    {{else}}\n        <span class=\"header-logo-text\">{{settings.store_logo.title}}</span>\n    {{/if}}\n</a>\n",
  "components/common/quick-search": "<div>\n    {{{ snippet \"forms_search\"}}}\n    <form class=\"form\" action=\"{{urls.search}}\">\n        <fieldset class=\"form-fieldset\">\n            <div class=\"form-field\">\n                <label class=\"is-srOnly\" for=\"search_query\">{{lang \"search.quick_search.input_label\"}}</label>\n                <input class=\"form-input\" data-search-quick name=\"search_query\" id=\"search_query\" data-error-message=\"{{lang 'search.error.empty_field'}}\" placeholder=\"{{lang 'search.quick_search.input_placeholder'}}\" autocomplete=\"off\">\n                <button type=\"submit\" class=\"form-button\">\n                    <i class=\"icon\" aria-hidden=\"true\">\n                        <svg><use xlink:href=\"#icon-search\" /></svg>\n                    </i>\n                </button>\n            </div>\n        </fieldset>\n    </form>\n    <section class=\"quickSearchResults\" data-bind=\"html: results\"></section>\n</div>\n",
  "components/common/navigation": "<nav class=\"navUser\">\n    <ul class=\"navUser-section navUser-section--alt\">\n        <li class=\"navUser-item navUser-item--account\">\n            {{#if customer}}\n                <a class=\"navUser-action\" href=\"{{urls.account.index}}\">{{lang 'common.account'}}</a>\n            {{else}}\n                <a class=\"navUser-action\" href=\"{{urls.auth.login}}\">{{lang 'common.login'}}</a>\n            {{/if}}\n        </li>\n        {{> components/common/currency-selector}}\n        <li class=\"navUser-item navUser-item--mobile-search\">\n            <i class=\"icon\" aria-hidden=\"true\">\n                <svg><use xlink:href=\"#icon-search\" /></svg>\n            </i>\n        </li>\n        <li class=\"navUser-item navUser-item--cart\">\n            <a\n                class=\"navUser-action\"\n                data-cart-preview\n                data-dropdown=\"cart-preview-dropdown\"\n                data-options=\"align:right\"\n                href=\"{{urls.cart}}\">\n                Cart\n                (<span class=\"{{#if cart.items}} countPill--positive{{/if}} cart-quantity\">{{cart.quantity}}</span>)\n            </a>\n\n            <div class=\"dropdown-menu\" id=\"cart-preview-dropdown\" data-dropdown-content aria-hidden=\"true\"></div>\n        </li>\n    </ul>\n</nav>\n",
  "components/common/navigation-menu": "<span class=\"mobile-closeNav\">\n    <i class=\"icon\" aria-hidden=\"true\">\n        <svg><use xlink:href=\"#icon-close-large\" /></svg>\n    </i>\n    close\n</span>\n<nav class=\"navPages\">\n    <ul class=\"navPages-list navPages-list--user 5765697a656e20596f756e67\">\n        {{#if customer}}\n            <li class=\"navPages-item\">\n                <i class=\"icon\" aria-hidden=\"true\">\n                    <svg><use xlink:href=\"#icon-user\" /></svg>\n                </i>\n                <a class=\"navPages-action has-subMenu\" href=\"{{urls.account.index}}\" data-collapsible=\"navPages-account\">\n                    {{lang 'common.account'}} <i class=\"icon navPages-action-moreIcon\" aria-hidden=\"true\"><svg><use xlink:href=\"#icon-chevron-down\" /></svg></i>\n                </a>\n                <div class=\"navPage-subMenu\" id=\"navPages-account\" aria-hidden=\"true\" tabindex=\"-1\">\n                    <ul class=\"navPage-subMenu-list\">\n                        <li class=\"navPage-subMenu-item\">\n                            <a class=\"navPage-subMenu-action navPages-action\" href=\"{{urls.account.orders.all}}\">{{lang 'account.nav.orders'}}</a>\n                        </li>\n                        {{#if settings.returns_enabled}}\n                            <li class=\"navPage-subMenu-item\">\n                                <a class=\"navPage-subMenu-action navPages-action\" href=\"{{urls.account.returns}}\">{{lang 'account.nav.returns'}}</a>\n                            </li>\n                        {{/if}}\n                        <li class=\"navPage-subMenu-item\">\n                            <a class=\"navPage-subMenu-action navPages-action\" href=\"{{urls.account.inbox}}\">{{lang 'account.mobile_nav.messages'}}</a>\n                        </li>\n                        <li class=\"navPage-subMenu-item\">\n                            <a class=\"navPage-subMenu-action navPages-action\" href=\"{{urls.account.addresses}}\">{{lang 'account.nav.addresses'}}</a>\n                        </li>\n                        {{#if settings.show_payment_methods}}\n                            <li class=\"navPage-subMenu-item\">\n                                <a class=\"navPage-subMenu-action navPages-action\" href=\"{{urls.account.payment_methods.all}}\">{{lang 'account.nav.payment_methods'}}</a>\n                            </li>\n                        {{/if}}\n                        <li class=\"navPage-subMenu-item\">\n                            <a class=\"navPage-subMenu-action navPages-action\" href=\"{{urls.account.wishlists.all}}\">{{lang 'account.mobile_nav.wishlists'}}</a>\n                        </li>\n                        <li class=\"navPage-subMenu-item\">\n                            <a class=\"navPage-subMenu-action navPages-action\" href=\"{{urls.account.recent_items}}\">{{lang 'account.nav.recently_viewed'}}</a>\n                        </li>\n                        <li class=\"navPage-subMenu-item\">\n                            <a class=\"navPage-subMenu-action navPages-action\" href=\"{{urls.account.details}}\">{{lang 'account.nav.settings'}}</a>\n                        </li>\n                    </ul>\n                </div>\n            </li>\n            <li class=\"navPages-item\">\n                <a class=\"navPages-action\" href=\"{{urls.auth.logout}}\">{{lang 'common.logout'}}</a>\n            </li>\n        {{else}}\n            <li class=\"navPages-item\">\n                <a class=\"navPages-action\" href=\"{{urls.auth.login}}\">{{lang 'common.login'}}</a>\n            </li>\n        {{/if}}\n        {{#if currency_selector.currencies.length '>' 1}}\n            <li class=\"navPages-item navPages-item--currency\">\n                <a class=\"navPages-action has-subMenu\" href=\"#\" data-collapsible=\"navPages-currency\" aria-controls=\"navPages-currency\" aria-expanded=\"false\">\n                    {{lang 'common.currency' code=currency_selector.active_currency_code}} <i class=\"icon navPages-action-moreIcon\" aria-hidden=\"true\"><svg><use xmlns:xlink=\"http://www.w3.org/1999/xlink\" xlink:href=\"#icon-chevron-down\"></use></svg></i>\n                </a>\n                <div class=\"navPage-subMenu\" id=\"navPages-currency\" aria-hidden=\"true\" tabindex=\"-1\">\n                    <ul class=\"navPage-subMenu-list\">\n                        {{#each currency_selector.currencies}}\n                        <li class=\"navPage-subMenu-item\">\n                            <a class=\"navPage-subMenu-action navPages-action\" href=\"{{{switch_url}}}\">\n                                {{#if is_active}}\n                                    <strong>{{name}}</strong>\n                                {{else}}\n                                    {{name}}\n                                {{/if}}\n                            </a>\n                        </li>\n                        {{/each}}\n                    </ul>\n                </div>\n            </li>\n        {{/if}}\n    </ul>\n    <ul class=\"navPages-list navPages-mega navPages-mainNav\">\n        {{#each categories}}\n            {{#unless name '===' 'Hotel Bedding Finder'}}\n                <li class=\"navPages-item\">\n                    {{> components/common/navigation-list}}\n                </li>\n            {{/unless}}\n        {{/each}}\n        {{#if theme_settings.show_content_navigation}}\n            {{#each pages}}\n                <li class=\"navPages-item{{#if @index '===' 0}} navPages-item--content-first{{/if}}\">\n                    {{#if ../theme_settings.navigation_design '===' 'simple'}}\n                        {{> components/common/navigation-list-alternate}}\n                    {{/if}}\n                    {{#if ../theme_settings.navigation_design '===' 'mega'}}\n                        {{> components/common/navigation-list}}\n                    {{/if}}\n                </li>\n             {{/each}}\n        {{/if}}\n    </ul>\n    <ul class=\"navPages-list navPages-mega navPages-mainNav navPages-contentPages\">\n        <li class=\"navPages-item\">\n            <a class=\"navPages-action has-subMenu\" data-collapsible=\"navPages-brands\" aria-controls=\"navPages-brands\" href=\"/brands/\" style=\"color: #8e8279;\">Shop By Brand</a>\n            <div class=\"column-menu navPage-subMenu\" id=\"navPages-brands\">\n                <ul>\n                    {{#each shop_by_brand}}\n                    <li class=\"navPage-subMenu-item\">\n                        <a class=\"navPage-subMenu-action navPages-action\" href=\"{{url}}\">{{name}}</a>\n                    </li>\n                    {{/each}}\n                </ul>\n            </div>\n        </li>\n        <li class=\"navPages-item\">\n            <a class=\"navPages-action\" href=\"/hotel-finder/\">Hotel Bedding Finder</a>\n        </li>\n        <li class=\"navPages-item\">\n            <a class=\"navPages-action\" href=\"/solutions/\" style=\"color: #00adee;\">Solutions</a>\n        </li>\n        <li class=\"navPages-item\">\n            <a class=\"navPages-action\" href=\"/blog/\" style=\"color: #5d5d5d;\">Blog</a>\n        </li>\n    </ul>\n    <ul class=\"navPages-list navPages-list--user\">\n        {{#and settings.phone_number theme_settings.header-phone}}\n            <li class=\"navPages-item\">\n                <a class=\"navPages-action navUser-action--phone\" href=\"tel:{{settings.phone_number}}\"><i class=\"fa fa-phone\" aria-hidden=\"true\"></i>&nbsp;{{settings.phone_number}}</a>\n            </li>\n        {{/and}}\n        {{#if settings.gift_certificates_enabled}}\n            <li class=\"navPages-item\">\n                <a class=\"navPages-action\" href=\"{{urls.gift_certificate.purchase}}\">{{lang 'common.gift_cert'}}</a>\n            </li>\n        {{/if}}\n        {{#if customer.store_credit.value '>' 0}}\n            <li class=\"navPages-item\">\n                <a class=\"navPages-action navPages-action--storeCredit\">\n                    {{lang 'common.store_credit_overview' credit=customer.store_credit.formatted}}\n                </a>\n            </li>\n        {{/if}}\n        {{#if theme_settings.product_list_display_mode '==' 'list'}}\n            <li class=\"navPages-item\">\n                <a class=\"navPages-action navPages-action--compare\" href=\"{{urls.compare}}\" data-compare-nav>{{lang 'common.compare'}} <span class=\"countPill countPill--positive countPill--alt\"></span></a>\n            </li>\n        {{/if}}\n        {{#if theme_settings.social_icon_placement_top}}\n            <li class=\"navPages-item\">\n                {{> components/common/social-links}}\n            </li>\n        {{/if}}\n    </ul>\n</nav>\n",
  "components/common/currency-selector": "{{#if currency_selector.currencies.length '>' 1}}\n    <li class=\"navUser-item navUser-item-currency\">\n        <a class=\"navUser-action navUser-action--currencySelector has-dropdown\" href=\"#\" data-dropdown=\"currencySelection\" aria-controls=\"currencySelection\" aria-expanded=\"false\">{{lang 'common.currency' code=currency_selector.active_currency_code}} <i class=\"icon\" aria-hidden=\"true\"><svg><use xlink:href=\"#icon-downselector-small\" /></svg></i></a>\n        <ul class=\"dropdown-menu\" id=\"currencySelection\" data-dropdown-content aria-hidden=\"true\" tabindex=\"-1\">\n            {{#each currency_selector.currencies}}\n            <li class=\"dropdown-menu-item\">\n                <a href=\"{{{switch_url}}}\">\n                    {{#if is_active}}\n                    <strong>{{name}}</strong>\n                    {{else}}\n                    {{name}}\n                    {{/if}}\n                </a>\n            </li>\n            {{/each}}\n        </ul>\n    </li>\n{{/if}}\n",
  "components/common/navigation-list-alternate": "{{#if children}}\n    <a class=\"navPages-action navPages-action-depth-max has-subMenu is-root{{#if is_active}} activePage{{/if}}\" href=\"{{url}}\" data-collapsible=\"navPages-{{id}}\">\n        {{name}} <i class=\"icon navPages-action-moreIcon\" aria-hidden=\"true\"><svg><use xlink:href=\"#icon-chevron-down\" /></svg></i>\n    </a>\n    {{> components/common/navigation-dropdown}}\n{{else}}\n    <a class=\"navPages-action{{#if is_active}} activePage{{/if}}\" href=\"{{url}}\">{{name}}</a>\n{{/if}}\n",
  "components/common/navigation-list": "{{#if children}}\n<a class=\"navPages-action has-subMenu{{#if is_active}} activePage{{/if}}\" href=\"{{url}}\" data-collapsible=\"navPages-{{id}}\" {{#if name '===' 'Sale'}}style=\"color:#ec2323;\"{{/if}}>\n    {{name}} <i class=\"icon navPages-action-moreIcon\" aria-hidden=\"true\"><svg><use xlink:href=\"#icon-chevron-down\" /></svg></i>\n</a>\n<div class=\"column-menu navPage-subMenu\" id=\"navPages-{{id}}\" aria-hidden=\"true\" tabindex=\"-1\">\n    <ul class=\"navPage-subMenu-list\">\n        {{#each children}}\n            <li class=\"navPage-subMenu-item\">\n                <i class=\"icon navPages-action-moreIcon\" aria-hidden=\"true\"><svg><use xlink:href=\"#icon-chevron-right\" /></svg></i>\n                <a class=\"navPage-subMenu-action navPages-action{{#if is_active}} activePage{{/if}}\" href=\"{{url}}\">{{name}}</a>\n                {{#if children}}\n                    <i class=\"icon navPages-action-moreIcon navPages-action-closed\" aria-hidden=\"true\"><svg><use xlink:href=\"#icon-plus\" /></svg></i>\n                    <i class=\"icon navPages-action-moreIcon navPages-action-open\" aria-hidden=\"true\"><svg><use xlink:href=\"#icon-minus\" /></svg></i>\n                {{/if}}\n                \n            </li>\n            {{#if children}}\n                {{#each children}}\n                    <li class=\"navPage-childList-item\">\n                        <a class=\"navPage-childList-action navPages-action{{#if is_active}} activePage{{/if}}\" href=\"{{url}}\">{{name}}</a>\n                    </li>\n                {{/each}}\n            {{/if}}\n        {{/each}}\n    </ul>\n</div>\n{{else}}\n<a class=\"navPages-action{{#if is_active}} activePage{{/if}}\" href=\"{{url}}\" {{#if name '===' 'Sale'}}style=\"color:#ec2323;\"{{/if}}>{{name}}</a>\n{{/if}}\n",
  "components/common/social-links": "{{#if social_media}}\n    <ul class=\"socialLinks socialLinks--alt\">\n        {{#each social_media}}\n            <li class=\"socialLinks-item\">\n                <a class=\"icon icon--{{display_name}}\" href=\"{{url}}\" target=\"_blank\">\n                    <svg><use xlink:href=\"#icon-{{display_name}}\" /></svg>\n                </a>\n            </li>\n        {{/each}}\n    </ul>\n{{/if}}\n",
  "components/common/navigation-dropdown": "<div class=\"navPage-subMenu navPage-subMenu-horizontal\" id=\"navPages-{{id}}\" aria-hidden=\"true\" tabindex=\"-1\">\n    <ul class=\"navPage-subMenu-list\">\n        {{#each children}}\n            <li class=\"navPage-subMenu-item-child\">\n                {{#if children}}\n                    <a class=\"navPage-subMenu-action navPages-action navPages-action-depth-max has-subMenu{{#if is_active}} activePage{{/if}}\" href=\"{{url}}\" data-collapsible=\"navPages-{{id}}\">\n                        <i class=\"icon navPages-secondLevel\" aria-hidden=\"true\"><svg><use xlink:href=\"#icon-arrow-right\" /></svg></i>\n                        {{name}}\n                        <i class=\"icon navPages-action-moreIcon navPages-action-more\" aria-hidden=\"true\"><svg><use xlink:href=\"#icon-plus\" /></svg></i>\n                        <i class=\"icon navPages-action-moreIcon navPages-action-less\" aria-hidden=\"true\"><svg><use xlink:href=\"#icon-minus\" /></svg></i>\n                    </a>\n                    {{> components/common/navigation-dropdown}}\n                {{else}}\n                    <a class=\"navPage-subMenu-action navPages-action{{#if is_active}} activePage{{/if}}\" href=\"{{url}}\">\n                        <i class=\"icon navPages-secondLevel\" aria-hidden=\"true\"><svg><use xlink:href=\"#icon-arrow-right\" /></svg></i>\n                        {{name}}\n                    </a>\n                {{/if}}\n            </li>\n        {{/each}}\n    </ul>\n</div>\n"
}